Workbook

Sheet INSTRUCCIONES
B1: REGISTRO DE ENSAYOS A COMPRESIÓN POR LOTE — BLOCK ROCHELL
B3: HOJAS
B4: LOTES | C4: Una fila por día de producción por máquina y producto. Fecha + Máquina + Producto → N° de LOTE automático (ej. 8070325P1). Repetido = rojo → usa "Secuencia" (8070325P1-2).
B5: Trazabilidad | C5: Columnas azules: diseño de mezcla, cemento, horas de curado, unidades producidas. Llénalas para poder explicar lotes bajos.
B6: Resultados | C6: Resumen automático: probetas, edades, promedio, mín/máx, CV, estimado a 28 d, CUMPLE y ALERTAS (pocas probetas, CV alto, absorción alta, sin rotura a 28 d).
B7: ENSAYOS | C7: Una fila por probeta rota. Eliges el lote; producto, máquina, fecha y edad salen solos. Registra condición del bloque (seco/húmedo) y tipo de falla.
B8: ABSORCION | C8: Una fila por bloque: pesos saturado, sumergido y seco → absorción (kg/m³ y %), densidad, clase y comparación con ASTM C90.
B9: CURVA EDAD | C9: Factores de resistencia por edad. Arranca con factores sacados de tu histórico general (amarillo) y se reemplazan por los tuyos cuando rompas lotes a temprana edad y a 28 d.
B10: CONTROL | C10: Gráfico de control de los últimos lotes por máquina y producto (media ±2σ y spec), y comparación P1 vs P2 vs P3.
B11: CERTIFICADO | C11: Eliges el lote (y opcionalmente la fecha de rotura) → formato ASTM C140 numerado (CR-lote-fecha), listo para imprimir/PDF.
B12: CONFIG | C12: Máquinas, productos y requisitos a 28 d, clientes, obras, listas, datos del equipo, límites de absorción y parámetros de control.
B13: Colores | C13: Amarillo con texto azul = lo que tú llenas. Texto negro = fórmula. Azul claro = N° de lote generado.
B14: Protección | C14: LOTES, ENSAYOS, ABSORCION, CURVA EDAD, CONTROL y CERTIFICADO están protegidas SIN contraseña para que no se borren fórmulas: solo se editan las celdas amarillas. Para cambiar algo: Revisar → Desproteger hoja.
B16: PLAN DE ENSAYO SUGERIDO
B17: Rutina | C17: Por lote: mínimo 3 bloques a compresión (ASTM C140) a la edad de despacho.
B18: Curva | C18: Al menos 1 lote por máquina al mes: 3 bloques a 3 d + 3 a 7 d + 3 a 28 d del MISMO lote.
B19: Absorción | C19: Al menos 1 vez al mes por máquina y producto: 3 bloques del mismo lote.
B21: HISTÓRICO MIGRADO
B22: Importado | C22: 42 lotes y 216 probetas de ENSAYO_ROTURAS.xlsx (sep-2024 a nov-2025).
B23: Normalizado | C23: Códigos fuera de formato (P18121124, P28201224, 140125P1, 030225P2…) convertidos al estándar; B1/B2/B3 → P1/P2/P3. El código original queda en LOTES col. G.
B24: No importado | C24: Hojas sin N° de lote: LOPESAN 6-12-24, P2 T3.5, P2 T 2.5, CEMEX 260525, LOPESAN 270525 (4). Duplicada idéntica descartada: LOPESAN 170225 8 (duplicada).
B25: Corregido | C25: Medidas "19.5.5" tomadas como 19.5. Fecha de rotura faltante tomada del encabezado de la hoja. Bloques con nota "húmedos" marcados como Húmedo.
B27: PENDIENTE DE TI
B28: CONFIG | C28: Poner el requisito mínimo a 28 días por producto (sin eso CUMPLE dice "Sin spec"), el % de área neta si lo tienes, y tus diseños de mezcla y cementos.

Sheet LOTES
A1: REGISTRO DE LOTES
A2: Llena Fecha, Máquina y Producto → el N° de LOTE se genera solo: [código producto][DDMMAA][máquina][-secuencia opcional]. Ej: 8 + 070325 + P1 = 8070325P1
H3: TRAZABILIDAD DE PRODUCCIÓN | M3: RESULTADOS DE ENSAYO | U3: ESTIMACIÓN A 28 DÍAS Y CUMPLIMIENTO | AD3: ABSORCIÓN
A4: N° | B4: Fecha producción | C4: Máquina | D4: Producto | E4: Secuencia (opcional) | F4: N° LOTE | G4: Código original (histórico) | H4: Diseño de mezcla | I4: Cemento | J4: Horas de curado | K4: Unidades producidas | L4: Notas de producción | M4: N° probetas | N4: Edad mín (d) | O4: Edad máx (d) | P4: Promedio ensayado (kg/cm²) | Q4: Mínimo (kg/cm²) | R4: Máximo (kg/cm²) | S4: Desv. est. | T4: CV % | U4: Prom. edad temprana | V4: Prom. a 28 d | W4: Factor del lote (temp./28d) | X4: Factor usado | Y4: Resist. 28 d (real o est.) | Z4: Mín. 28 d (real o est.) | AA4: Spec prom. | AB4: Spec indiv. | AC4: CUMPLE | AD4: Absorción prom. (kg/m³) | AE4: Densidad prom. (kg/m³) | AF4: Absorción máx. (kg/m³) | AG4: ALERTAS | AH4: aux ctrl | AI4: aux P²
A5: =IF(B5="","",ROW()-4) -> 1 | B5: 45551 | C5: P1 | D5: Block 8" | F5: =IF(OR(B5="",C5="",D5=""),"",IFERROR(INDEX(CONFIG!$E$5:$E$14,MATCH(D5,CONFIG!$D$5:$D$14,0)),"?")&RIGHT("0"&DAY(B5),2)&RIGHT("0"&MONTH(B5),2)&RIGHT(YEAR(B5),2)&C5&IF(E5="","","-"&E5)) -> 8160924P1 | M5: =IF(F5="","",COUNTIFS(ENSAYOS!$C$5:$C$3004,F5,ENSAYOS!$Q$5:$Q$3004,">0")) -> 5 | N5: =IF(N(M5)=0,"",_xlfn.MINIFS(ENSAYOS!$G$5:$G$3004,ENSAYOS!$C$5:$C$3004,F5,ENSAYOS!$Q$5:$Q$3004,">0")) -> 3 | O5: =IF(N(M5)=0,"",_xlfn.MAXIFS(ENSAYOS!$G$5:$G$3004,ENSAYOS!$C$5:$C$3004,F5,ENSAYOS!$Q$5:$Q$3004,">0")) -> 3 | P5: =IF(N(M5)=0,"",AVERAGEIFS(ENSAYOS!$Q$5:$Q$3004,ENSAYOS!$C$5:$C$3004,F5,ENSAYOS!$Q$5:$Q$3004,">0")) -> 77.159594 | Q5: =IF(N(M5)=0,"",_xlfn.MINIFS(ENSAYOS!$Q$5:$Q$3004,ENSAYOS!$C$5:$C$3004,F5,ENSAYOS!$Q$5:$Q$3004,">0")) -> 57.12431 | R5: =IF(N(M5)=0,"",_xlfn.MAXIFS(ENSAYOS!$Q$5:$Q$3004,ENSAYOS!$C$5:$C$3004,F5,ENSAYOS!$Q$5:$Q$3004,">0")) -> 98.365953 | S5: =IF(N(M5)<2,"",SQRT(MAX(0,(SUMIFS(ENSAYOS!$X$5:$X$3004,ENSAYOS!$C$5:$C$3004,F5,ENSAYOS!$Q$5:$Q$3004,">0")-M5*P5^2)/(M5-1)))) -> 14.824071 | T5: =IF(S5="","",S5/P5) -> 0.19212219 | U5: =IF(N(M5)=0,"",IF(N5>=CONFIG!$B$27,"",AVERAGEIFS(ENSAYOS!$Q$5:$Q$3004,ENSAYOS!$C$5:$C$3004,F5,ENSAYOS!$Q$5:$Q$3004,">0",ENSAYOS!$G$5:$G$3004,N5))) -> 77.159594 | V5: =IF(N(M5)=0,"",IF(COUNTIFS(ENSAYOS!$C$5:$C$3004,F5,ENSAYOS!$Q$5:$Q$3004,">0",ENSAYOS!$G$5:$G$3004,">="&CONFIG!$B$27)=0,"",AVERAGEIFS(ENSAYOS!$Q$5:$Q$3004,ENSAYOS!$C$5:$C$3004,F5,ENSAYOS!$Q$5:$Q$3004,">0",ENSAYOS!$G$5:$G$3004,">="&CONFIG!$B$27))) | W5: =IF(AND(U5<>"",V5<>""),U5/V5,"") | X5: =IF(U5="","",INDEX('CURVA EDAD'!$E$5:$E$32,MIN(28,MAX(1,N5)))) -> 0.84 | Y5: =IF(V5<>"",V5,IF(U5="","",U5/X5)) -> 91.85666 | Z5: =IF(V5<>"",_xlfn.MINIFS(ENSAYOS!$Q$5:$Q$3004,ENSAYOS!$C$5:$C$3004,F5,ENSAYOS!$Q$5:$Q$3004,">0",ENSAYOS!$G$5:$G$3004,">="&CONFIG!$B$27),IF(U5="","",_xlfn.MINIFS(ENSAYOS!$Q$5:$Q$3004,ENSAYOS!$C$5:$C$3004,F5,ENSAYOS!$Q$5:$Q$3004,">0",ENSAYOS!$G$5:$G$3004,N5)/X5)) -> 68.005131 | AA5: =IF(D5="","",IFERROR(1/(1/INDEX(CONFIG!$J$5:$J$14,MATCH(D5,CONFIG!$D$5:$D$14,0))),"")) | AB5: =IF(D5="","",IFERROR(1/(1/INDEX(CONFIG!$K$5:$K$14,MATCH(D5,CONFIG!$D$5:$D$14,0))),"")) | AC5: =IF(N(M5)=0,"",IF(AA5="","Sin spec",IF(AND(Y5>=AA5,OR(AB5="",Z5>=AB5)),"CUMPLE","NO CUMPLE")&IF(V5=""," (est.)",""))) -> Sin spec | AD5: =IF(F5="","",IF(COUNTIFS(ABSORCION!$C$5:$C$1004,F5,ABSORCION!$I$5:$I$1004,">0")=0,"",AVERAGEIFS(ABSORCION!$I$5:$I$1004,ABSORCION!$C$5:$C$1004,F5,ABSORCION!$I$5:$I$1004,">0"))) | AE5: =IF(F5="","",IF(COUNTIFS(ABSORCION!$C$5:$C$1004,F5,ABSORCION!$I$5:$I$1004,">0")=0,"",AVERAGEIFS(ABSORCION!$K$5:$K$1004,ABSORCION!$C$5:$C$1004,F5,ABSORCION!$I$5:$I$1004,">0"))) | AF5: =IF(AE5="","",IF(AE5>=CONFIG!$E$21,CONFIG!$F$21,IF(AE5>=CONFIG!$E$20,CONFIG!$F$20,CONFIG!$F$19))) | AG5: =IF(F5="","",TRIM(IF(N(M5)=0,"Sin ensayos. ","")&IF(AND(N(M5)>0,N(M5)<CONFIG!$B$26),"Menos de "&CONFIG!$B$26&" probetas. ","")&IF(N(T5)>CONFIG!$B$25,"CV alto. ","")&IF(AND(N(AD5)>0,N(AD5)>N(AF5)),"Absorción alta. ",""))) -> CV alto. | AH5: =IF(AND(N(M5)>0,OR(CONTROL!$C$4="TODAS",C5=CONTROL!$C$4),D5=CONTROL!$C$5),MAX($AH$4:AH4)+1,"") -> 1 | AI5: =IF(AH5="","",P5^2) -> 5953.603
A6: =IF(B6="","",ROW()-4) -> 2 | B6: 45608 | C6: P1 | D6: Block 8" | F6: =IF(OR(B6="",C6="",D6=""),"",IFERROR(INDEX(CONFIG!$E$5:$E$14,MATCH(D6,CONFIG!$D$5:$D$14,0)),"?")&RIGHT("0"&DAY(B6),2)&RIGHT("0"&MONTH(B6),2)&RIGHT(YEAR(B6),2)&C6&IF(E6="","","-"&E6)) -> 8121124P1 | G6: P18121124 | M6: =IF(F6="","",COUNTIFS(ENSAYOS!$C$5:$C$3004,F6,ENSAYOS!$Q$5:$Q$3004,">0")) -> 6 | N6: =IF(N(M6)=0,"",_xlfn.MINIFS(ENSAYOS!$G$5:$G$3004,ENSAYOS!$C$5:$C$3004,F6,ENSAYOS!$Q$5:$Q$3004,">0")) -> 28 | O6: =IF(N(M6)=0,"",_xlfn.MAXIFS(ENSAYOS!$G$5:$G$3004,ENSAYOS!$C$5:$C$3004,F6,ENSAYOS!$Q$5:$Q$3004,">0")) -> 28 | P6: =IF(N(M6)=0,"",AVERAGEIFS(ENSAYOS!$Q$5:$Q$3004,ENSAYOS!$C$5:$C$3004,F6,ENSAYOS!$Q$5:$Q$3004,">0")) -> 80.39749 | Q6: =IF(N(M6)=0,"",_xlfn.MINIFS(ENSAYOS!$Q$5:$Q$3004,ENSAYOS!$C$5:$C$3004,F6,ENSAYOS!$Q$5:$Q$3004,">0")) -> 71.744239 | R6: =IF(N(M6)=0,"",_xlfn.MAXIFS(ENSAYOS!$Q$5:$Q$3004,ENSAYOS!$C$5:$C$3004,F6,ENSAYOS!$Q$5:$Q$3004,">0")) -> 92.737423 | S6: =IF(N(M6)<2,"",SQRT(MAX(0,(SUMIFS(ENSAYOS!$X$5:$X$3004,ENSAYOS!$C$5:$C$3004,F6,ENSAYOS!$Q$5:$Q$3004,">0")-M6*P6^2)/(M6-1)))) -> 7.8269927 | T6: =IF(S6="","",S6/P6) -> 0.097353694 | U6: =IF(N(M6)=0,"",IF(N6>=CONFIG!$B$27,"",AVERAGEIFS(ENSAYOS!$Q$5:$Q$3004,ENSAYOS!$C$5:$C$3004,F6,ENSAYOS!$Q$5:$Q$3004,">0",ENSAYOS!$G$5:$G$3004,N6))) | V6: =IF(N(M6)=0,"",IF(COUNTIFS(ENSAYOS!$C$5:$C$3004,F6,ENSAYOS!$Q$5:$Q$3004,">0",ENSAYOS!$G$5:$G$3004,">="&CONFIG!$B$27)=0,"",AVERAGEIFS(ENSAYOS!$Q$5:$Q$3004,ENSAYOS!$C$5:$C$3004,F6,ENSAYOS!$Q$5:$Q$3004,">0",ENSAYOS!$G$5:$G$3004,">="&CONFIG!$B$27))) -> 80.39749 | W6: =IF(AND(U6<>"",V6<>""),U6/V6,"") | X6: =IF(U6="","",INDEX('CURVA EDAD'!$E$5:$E$32,MIN(28,MAX(1,N6)))) | Y6: =IF(V6<>"",V6,IF(U6="","",U6/X6)) -> 80.39749 | Z6: =IF(V6<>"",_xlfn.MINIFS(ENSAYOS!$Q$5:$Q$3004,ENSAYOS!$C$5:$C$3004,F6,ENSAYOS!$Q$5:$Q$3004,">0",ENSAYOS!$G$5:$G$3004,">="&CONFIG!$B$27),IF(U6="","",_xlfn.MINIFS(ENSAYOS!$Q$5:$Q$3004,ENSAYOS!$C$5:$C$3004,F6,ENSAYOS!$Q$5:$Q$3004,">0",ENSAYOS!$G$5:$G$3004,N6)/X6)) -> 71.744239 | AA6: =IF(D6="","",IFERROR(1/(1/INDEX(CONFIG!$J$5:$J$14,MATCH(D6,CONFIG!$D$5:$D$14,0))),"")) | AB6: =IF(D6="","",IFERROR(1/(1/INDEX(CONFIG!$K$5:$K$14,MATCH(D6,CONFIG!$D$5:$D$14,0))),"")) | AC6: =IF(N(M6)=0,"",IF(AA6="","Sin spec",IF(AND(Y6>=AA6,OR(AB6="",Z6>=AB6)),"CUMPLE","NO CUMPLE")&IF(V6=""," (est.)",""))) -> Sin spec | AD6: =IF(F6="","",IF(COUNTIFS(ABSORCION!$C$5:$C$1004,F6,ABSORCION!$I$5:$I$1004,">0")=0,"",AVERAGEIFS(ABSORCION!$I$5:$I$1004,ABSORCION!$C$5:$C$1004,F6,ABSORCION!$I$5:$I$1004,">0"))) | AE6: =IF(F6="","",IF(COUNTIFS(ABSORCION!$C$5:$C$1004,F6,ABSORCION!$I$5:$I$1004,">0")=0,"",AVERAGEIFS(ABSORCION!$K$5:$K$1004,ABSORCION!$C$5:$C$1004,F6,ABSORCION!$I$5:$I$1004,">0"))) | AF6: =IF(AE6="","",IF(AE6>=CONFIG!$E$21,CONFIG!$F$21,IF(AE6>=CONFIG!$E$20,CONFIG!$F$20,CONFIG!$F$19))) | AG6: =IF(F6="","",TRIM(IF(N(M6)=0,"Sin ensayos. ","")&IF(AND(N(M6)>0,N(M6)<CONFIG!$B$26),"Menos de "&CONFIG!$B$26&" probetas. ","")&IF(N(T6)>CONFIG!$B$25,"CV alto. ","")&IF(AND(N(AD6)>0,N(AD6)>N(AF6)),"Absorción alta. ",""))) | AH6: =IF(AND(N(M6)>0,OR(CONTROL!$C$4="TODAS",C6=CONTROL!$C$4),D6=CONTROL!$C$5),MAX($AH$4:AH5)+1,"") -> 2 | AI6: =IF(AH6="","",P6^2) -> 6463.7564
A7: =IF(B7="","",ROW()-4) -> 3 | B7: 45612 | C7: P1 | D7: Block 8" | F7: =IF(OR(B7="",C7="",D7=""),"",IFERROR(INDEX(CONFIG!$E$5:$E$14,MATCH(D7,CONFIG!$D$5:$D$14,0)),"?")&RIGHT("0"&DAY(B7),2)&RIGHT("0"&MONTH(B7),2)&RIGHT(YEAR(B7),2)&C7&IF(E7="","","-"&E7)) -> 8161124P1 | M7: =IF(F7="","",COUNTIFS(ENSAYOS!$C$5:$C$3004,F7,ENSAYOS!$Q$5:$Q$3004,">0")) -> 8 | N7: =IF(N(M7)=0,"",_xlfn.MINIFS(ENSAYOS!$G$5:$G$3004,ENSAYOS!$C$5:$C$3004,F7,ENSAYOS!$Q$5:$Q$3004,">0")) -> 3 | O7: =IF(N(M7)=0,"",_xlfn.MAXIFS(ENSAYOS!$G$5:$G$3004,ENSAYOS!$C$5:$C$3004,F7,ENSAYOS!$Q$5:$Q$3004,">0")) -> 3 | P7: =IF(N(M7)=0,"",AVERAGEIFS(ENSAYOS!$Q$5:$Q$3004,ENSAYOS!$C$5:$C$3004,F7,ENSAYOS!$Q$5:$Q$3004,">0")) -> 84.48048 | Q7: =IF(N(M7)=0,"",_xlfn.MINIFS(ENSAYOS!$Q$5:$Q$3004,ENSAYOS!$C$5:$C$3004,F7,ENSAYOS!$Q$5:$Q$3004,">0")) -> 67.846303 | R7: =IF(N(M7)=0,"",_xlfn.MAXIFS(ENSAYOS!$Q$5:$Q$3004,ENSAYOS!$C$5:$C$3004,F7,ENSAYOS!$Q$5:$Q$3004,">0")) -> 98.30708 | S7: =IF(N(M7)<2,"",SQRT(MAX(0,(SUMIFS(ENSAYOS!$X$5:$X$3004,ENSAYOS!$C$5:$C$3004,F7,ENSAYOS!$Q$5:$Q$3004,">0")-M7*P7^2)/(M7-1)))) -> 9.3898859 | T7: =IF(S7="","",S7/P7) -> 0.11114859 | U7: =IF(N(M7)=0,"",IF(N7>=CONFIG!$B$27,"",AVERAGEIFS(ENSAYOS!$Q$5:$Q$3004,ENSAYOS!$C$5:$C$3004,F7,ENSAYOS!$Q$5:$Q$3004,">0",ENSAYOS!$G$5:$G$3004,N7))) -> 84.48048 | V7: =IF(N(M7)=0,"",IF(COUNTIFS(ENSAYOS!$C$5:$C$3004,F7,ENSAYOS!$Q$5:$Q$3004,">0",ENSAYOS!$G$5:$G$3004,">="&CONFIG!$B$27)=0,"",AVERAGEIFS(ENSAYOS!$Q$5:$Q$3004,ENSAYOS!$C$5:$C$3004,F7,ENSAYOS!$Q$5:$Q$3004,">0",ENSAYOS!$G$5:$G$3004,">="&CONFIG!$B$27))) | W7: =IF(AND(U7<>"",V7<>""),U7/V7,"") | X7: =IF(U7="","",INDEX('CURVA EDAD'!$E$5:$E$32,MIN(28,MAX(1,N7)))) -> 0.84 | Y7: =IF(V7<>"",V7,IF(U7="","",U7/X7)) -> 100.572 | Z7: =IF(V7<>"",_xlfn.MINIFS(ENSAYOS!$Q$5:$Q$3004,ENSAYOS!$C$5:$C$3004,F7,ENSAYOS!$Q$5:$Q$3004,">0",ENSAYOS!$G$5:$G$3004,">="&CONFIG!$B$27),IF(U7="","",_xlfn.MINIFS(ENSAYOS!$Q$5:$Q$3004,ENSAYOS!$C$5:$C$3004,F7,ENSAYOS!$Q$5:$Q$3004,">0",ENSAYOS!$G$5:$G$3004,N7)/X7)) -> 80.769408 | AA7: =IF(D7="","",IFERROR(1/(1/INDEX(CONFIG!$J$5:$J$14,MATCH(D7,CONFIG!$D$5:$D$14,0))),"")) | AB7: =IF(D7="","",IFERROR(1/(1/INDEX(CONFIG!$K$5:$K$14,MATCH(D7,CONFIG!$D$5:$D$14,0))),"")) | AC7: =IF(N(M7)=0,"",IF(AA7="","Sin spec",IF(AND(Y7>=AA7,OR(AB7="",Z7>=AB7)),"CUMPLE","NO CUMPLE")&IF(V7=""," (est.)",""))) -> Sin spec | AD7: =IF(F7="","",IF(COUNTIFS(ABSORCION!$C$5:$C$1004,F7,ABSORCION!$I$5:$I$1004,">0")=0,"",AVERAGEIFS(ABSORCION!$I$5:$I$1004,ABSORCION!$C$5:$C$1004,F7,ABSORCION!$I$5:$I$1004,">0"))) | AE7: =IF(F7="","",IF(COUNTIFS(ABSORCION!$C$5:$C$1004,F7,ABSORCION!$I$5:$I$1004,">0")=0,"",AVERAGEIFS(ABSORCION!$K$5:$K$1004,ABSORCION!$C$5:$C$1004,F7,ABSORCION!$I$5:$I$1004,">0"))) | AF7: =IF(AE7="","",IF(AE7>=CONFIG!$E$21,CONFIG!$F$21,IF(AE7>=CONFIG!$E$20,CONFIG!$F$20,CONFIG!$F$19))) | AG7: =IF(F7="","",TRIM(IF(N(M7)=0,"Sin ensayos. ","")&IF(AND(N(M7)>0,N(M7)<CONFIG!$B$26),"Menos de "&CONFIG!$B$26&" probetas. ","")&IF(N(T7)>CONFIG!$B$25,"CV alto. ","")&IF(AND(N(AD7)>0,N(AD7)>N(AF7)),"Absorción alta. ",""))) | AH7: =IF(AND(N(M7)>0,OR(CONTROL!$C$4="TODAS",C7=CONTROL!$C$4),D7=CONTROL!$C$5),MAX($AH$4:AH6)+1,"") -> 3 | AI7: =IF(AH7="","",P7^2) -> 7136.9516
A8: =IF(B8="","",ROW()-4) -> 4 | B8: 45646 | C8: P2 | D8: Block 6" | F8: =IF(OR(B8="",C8="",D8=""),"",IFERROR(INDEX(CONFIG!$E$5:$E$14,MATCH(D8,CONFIG!$D$5:$D$14,0)),"?")&RIGHT("0"&DAY(B8),2)&RIGHT("0"&MONTH(B8),2)&RIGHT(YEAR(B8),2)&C8&IF(E8="","","-"&E8)) -> 6201224P2 | G8: P28201224 | M8: =IF(F8="","",COUNTIFS(ENSAYOS!$C$5:$C$3004,F8,ENSAYOS!$Q$5:$Q$3004,">0")) -> 8 | N8: =IF(N(M8)=0,"",_xlfn.MINIFS(ENSAYOS!$G$5:$G$3004,ENSAYOS!$C$5:$C$3004,F8,ENSAYOS!$Q$5:$Q$3004,">0")) -> 22 | O8: =IF(N(M8)=0,"",_xlfn.MAXIFS(ENSAYOS!$G$5:$G$3004,ENSAYOS!$C$5:$C$3004,F8,ENSAYOS!$Q$5:$Q$3004,">0")) -> 22 | P8: =IF(N(M8)=0,"",AVERAGEIFS(ENSAYOS!$Q$5:$Q$3004,ENSAYOS!$C$5:$C$3004,F8,ENSAYOS!$Q$5:$Q$3004,">0")) -> 75.919904 | Q8: =IF(N(M8)=0,"",_xlfn.MINIFS(ENSAYOS!$Q$5:$Q$3004,ENSAYOS!$C$5:$C$3004,F8,ENSAYOS!$Q$5:$Q$3004,">0")) -> 65.089481 | R8: =IF(N(M8)=0,"",_xlfn.MAXIFS(ENSAYOS!$Q$5:$Q$3004,ENSAYOS!$C$5:$C$3004,F8,ENSAYOS!$Q$5:$Q$3004,">0")) -> 87.477957 | S8: =IF(N(M8)<2,"",SQRT(MAX(0,(SUMIFS(ENSAYOS!$X$5:$X$3004,ENSAYOS!$C$5:$C$3004,F8,ENSAYOS!$Q$5:$Q$3004,">0")-M8*P8^2)/(M8-1)))) -> 9.7441829 | T8: =IF(S8="","",S8/P8) -> 0.1283482 | U8: =IF(N(M8)=0,"",IF(N8>=CONFIG!$B$27,"",AVERAGEIFS(ENSAYOS!$Q$5:$Q$3004,ENSAYOS!$C$5:$C$3004,F8,ENSAYOS!$Q$5:$Q$3004,">0",ENSAYOS!$G$5:$G$3004,N8))) -> 75.919904 | V8: =IF(N(M8)=0,"",IF(COUNTIFS(ENSAYOS!$C$5:$C$3004,F8,ENSAYOS!$Q$5:$Q$3004,">0",ENSAYOS!$G$5:$G$3004,">="&CONFIG!$B$27)=0,"",AVERAGEIFS(ENSAYOS!$Q$5:$Q$3004,ENSAYOS!$C$5:$C$3004,F8,ENSAYOS!$Q$5:$Q$3004,">0",ENSAYOS!$G$5:$G$3004,">="&CONFIG!$B$27))) | W8: =IF(AND(U8<>"",V8<>""),U8/V8,"") | X8: =IF(U8="","",INDEX('CURVA EDAD'!$E$5:$E$32,MIN(28,MAX(1,N8)))) -> 0.983 | Y8: =IF(V8<>"",V8,IF(U8="","",U8/X8)) -> 77.232863 | Z8: =IF(V8<>"",_xlfn.MINIFS(ENSAYOS!$Q$5:$Q$3004,ENSAYOS!$C$5:$C$3004,F8,ENSAYOS!$Q$5:$Q$3004,">0",ENSAYOS!$G$5:$G$3004,">="&CONFIG!$B$27),IF(U8="","",_xlfn.MINIFS(ENSAYOS!$Q$5:$Q$3004,ENSAYOS!$C$5:$C$3004,F8,ENSAYOS!$Q$5:$Q$3004,">0",ENSAYOS!$G$5:$G$3004,N8)/X8)) -> 66.215138 | AA8: =IF(D8="","",IFERROR(1/(1/INDEX(CONFIG!$J$5:$J$14,MATCH(D8,CONFIG!$D$5:$D$14,0))),"")) | AB8: =IF(D8="","",IFERROR(1/(1/INDEX(CONFIG!$K$5:$K$14,MATCH(D8,CONFIG!$D$5:$D$14,0))),"")) | AC8: =IF(N(M8)=0,"",IF(AA8="","Sin spec",IF(AND(Y8>=AA8,OR(AB8="",Z8>=AB8)),"CUMPLE","NO CUMPLE")&IF(V8=""," (est.)",""))) -> Sin spec | AD8: =IF(F8="","",IF(COUNTIFS(ABSORCION!$C$5:$C$1004,F8,ABSORCION!$I$5:$I$1004,">0")=0,"",AVERAGEIFS(ABSORCION!$I$5:$I$1004,ABSORCION!$C$5:$C$1004,F8,ABSORCION!$I$5:$I$1004,">0"))) | AE8: =IF(F8="","",IF(COUNTIFS(ABSORCION!$C$5:$C$1004,F8,ABSORCION!$I$5:$I$1004,">0")=0,"",AVERAGEIFS(ABSORCION!$K$5:$K$1004,ABSORCION!$C$5:$C$1004,F8,ABSORCION!$I$5:$I$1004,">0"))) | AF8: =IF(AE8="","",IF(AE8>=CONFIG!$E$21,CONFIG!$F$21,IF(AE8>=CONFIG!$E$20,CONFIG!$F$20,CONFIG!$F$19))) | AG8: =IF(F8="","",TRIM(IF(N(M8)=0,"Sin ensayos. ","")&IF(AND(N(M8)>0,N(M8)<CONFIG!$B$26),"Menos de "&CONFIG!$B$26&" probetas. ","")&IF(N(T8)>CONFIG!$B$25,"CV alto. ","")&IF(AND(N(AD8)>0,N(AD8)>N(AF8)),"Absorción alta. ",""))) | AH8: =IF(AND(N(M8)>0,OR(CONTROL!$C$4="TODAS",C8=CONTROL!$C$4),D8=CONTROL!$C$5),MAX($AH$4:AH7)+1,"") | AI8: =IF(AH8="","",P8^2)
A9: =IF(B9="","",ROW()-4) -> 5 | B9: 45646 | C9: P1 | D9: Block 8" | F9: =IF(OR(B9="",C9="",D9=""),"",IFERROR(INDEX(CONFIG!$E$5:$E$14,MATCH(D9,CONFIG!$D$5:$D$14,0)),"?")&RIGHT("0"&DAY(B9),2)&RIGHT("0"&MONTH(B9),2)&RIGHT(YEAR(B9),2)&C9&IF(E9="","","-"&E9)) -> 8201224P1 | G9: 201224P1 | M9: =IF(F9="","",COUNTIFS(ENSAYOS!$C$5:$C$3004,F9,ENSAYOS!$Q$5:$Q$3004,">0")) -> 9 | N9: =IF(N(M9)=0,"",_xlfn.MINIFS(ENSAYOS!$G$5:$G$3004,ENSAYOS!$C$5:$C$3004,F9,ENSAYOS!$Q$5:$Q$3004,">0")) -> 34 | O9: =IF(N(M9)=0,"",_xlfn.MAXIFS(ENSAYOS!$G$5:$G$3004,ENSAYOS!$C$5:$C$3004,F9,ENSAYOS!$Q$5:$Q$3004,">0")) -> 34 | P9: =IF(N(M9)=0,"",AVERAGEIFS(ENSAYOS!$Q$5:$Q$3004,ENSAYOS!$C$5:$C$3004,F9,ENSAYOS!$Q$5:$Q$3004,">0")) -> 85.03646 | Q9: =IF(N(M9)=0,"",_xlfn.MINIFS(ENSAYOS!$Q$5:$Q$3004,ENSAYOS!$C$5:$C$3004,F9,ENSAYOS!$Q$5:$Q$3004,">0")) -> 65.908471 | R9: =IF(N(M9)=0,"",_xlfn.MAXIFS(ENSAYOS!$Q$5:$Q$3004,ENSAYOS!$C$5:$C$3004,F9,ENSAYOS!$Q$5:$Q$3004,">0")) -> 98.991237 | S9: =IF(N(M9)<2,"",SQRT(MAX(0,(SUMIFS(ENSAYOS!$X$5:$X$3004,ENSAYOS!$C$5:$C$3004,F9,ENSAYOS!$Q$5:$Q$3004,">0")-M9*P9^2)/(M9-1)))) -> 11.44389 | T9: =IF(S9="","",S9/P9) -> 0.13457628 | U9: =IF(N(M9)=0,"",IF(N9>=CONFIG!$B$27,"",AVERAGEIFS(ENSAYOS!$Q$5:$Q$3004,ENSAYOS!$C$5:$C$3004,F9,ENSAYOS!$Q$5:$Q$3004,">0",ENSAYOS!$G$5:$G$3004,N9))) | V9: =IF(N(M9)=0,"",IF(COUNTIFS(ENSAYOS!$C$5:$C$3004,F9,ENSAYOS!$Q$5:$Q$3004,">0",ENSAYOS!$G$5:$G$3004,">="&CONFIG!$B$27)=0,"",AVERAGEIFS(ENSAYOS!$Q$5:$Q$3004,ENSAYOS!$C$5:$C$3004,F9,ENSAYOS!$Q$5:$Q$3004,">0",ENSAYOS!$G$5:$G$3004,">="&CONFIG!$B$27))) -> 85.03646 | W9: =IF(AND(U9<>"",V9<>""),U9/V9,"") | X9: =IF(U9="","",INDEX('CURVA EDAD'!$E$5:$E$32,MIN(28,MAX(1,N9)))) | Y9: =IF(V9<>"",V9,IF(U9="","",U9/X9)) -> 85.03646 | Z9: =IF(V9<>"",_xlfn.MINIFS(ENSAYOS!$Q$5:$Q$3004,ENSAYOS!$C$5:$C$3004,F9,ENSAYOS!$Q$5:$Q$3004,">0",ENSAYOS!$G$5:$G$3004,">="&CONFIG!$B$27),IF(U9="","",_xlfn.MINIFS(ENSAYOS!$Q$5:$Q$3004,ENSAYOS!$C$5:$C$3004,F9,ENSAYOS!$Q$5:$Q$3004,">0",ENSAYOS!$G$5:$G$3004,N9)/X9)) -> 65.908471 | AA9: =IF(D9="","",IFERROR(1/(1/INDEX(CONFIG!$J$5:$J$14,MATCH(D9,CONFIG!$D$5:$D$14,0))),"")) | AB9: =IF(D9="","",IFERROR(1/(1/INDEX(CONFIG!$K$5:$K$14,MATCH(D9,CONFIG!$D$5:$D$14,0))),"")) | AC9: =IF(N(M9)=0,"",IF(AA9="","Sin spec",IF(AND(Y9>=AA9,OR(AB9="",Z9>=AB9)),"CUMPLE","NO CUMPLE")&IF(V9=""," (est.)",""))) -> Sin spec | AD9: =IF(F9="","",IF(COUNTIFS(ABSORCION!$C$5:$C$1004,F9,ABSORCION!$I$5:$I$1004,">0")=0,"",AVERAGEIFS(ABSORCION!$I$5:$I$1004,ABSORCION!$C$5:$C$1004,F9,ABSORCION!$I$5:$I$1004,">0"))) | AE9: =IF(F9="","",IF(COUNTIFS(ABSORCION!$C$5:$C$1004,F9,ABSORCION!$I$5:$I$1004,">0")=0,"",AVERAGEIFS(ABSORCION!$K$5:$K$1004,ABSORCION!$C$5:$C$1004,F9,ABSORCION!$I$5:$I$1004,">0"))) | AF9: =IF(AE9="","",IF(AE9>=CONFIG!$E$21,CONFIG!$F$21,IF(AE9>=CONFIG!$E$20,CONFIG!$F$20,CONFIG!$F$19))) | AG9: =IF(F9="","",TRIM(IF(N(M9)=0,"Sin ensayos. ","")&IF(AND(N(M9)>0,N(M9)<CONFIG!$B$26),"Menos de "&CONFIG!$B$26&" probetas. ","")&IF(N(T9)>CONFIG!$B$25,"CV alto. ","")&IF(AND(N(AD9)>0,N(AD9)>N(AF9)),"Absorción alta. ",""))) | AH9: =IF(AND(N(M9)>0,OR(CONTROL!$C$4="TODAS",C9=CONTROL!$C$4),D9=CONTROL!$C$5),MAX($AH$4:AH8)+1,"") -> 4 | AI9: =IF(AH9="","",P9^2) -> 7231.1995
A10: =IF(B10="","",ROW()-4) -> 6 | B10: 45646 | C10: P2 | D10: Block 8" | F10: =IF(OR(B10="",C10="",D10=""),"",IFERROR(INDEX(CONFIG!$E$5:$E$14,MATCH(D10,CONFIG!$D$5:$D$14,0)),"?")&RIGHT("0"&DAY(B10),2)&RIGHT("0"&MONTH(B10),2)&RIGHT(YEAR(B10),2)&C10&IF(E10="","","-"&E10)) -> 8201224P2 | G10: P28201224 | M10: =IF(F10="","",COUNTIFS(ENSAYOS!$C$5:$C$3004,F10,ENSAYOS!$Q$5:$Q$3004,">0")) -> 9 | N10: =IF(N(M10)=0,"",_xlfn.MINIFS(ENSAYOS!$G$5:$G$3004,ENSAYOS!$C$5:$C$3004,F10,ENSAYOS!$Q$5:$Q$3004,">0")) -> 26 | O10: =IF(N(M10)=0,"",_xlfn.MAXIFS(ENSAYOS!$G$5:$G$3004,ENSAYOS!$C$5:$C$3004,F10,ENSAYOS!$Q$5:$Q$3004,">0")) -> 26 | P10: =IF(N(M10)=0,"",AVERAGEIFS(ENSAYOS!$Q$5:$Q$3004,ENSAYOS!$C$5:$C$3004,F10,ENSAYOS!$Q$5:$Q$3004,">0")) -> 104.07653 | Q10: =IF(N(M10)=0,"",_xlfn.MINIFS(ENSAYOS!$Q$5:$Q$3004,ENSAYOS!$C$5:$C$3004,F10,ENSAYOS!$Q$5:$Q$3004,">0")) -> 56.715352 | R10: =IF(N(M10)=0,"",_xlfn.MAXIFS(ENSAYOS!$Q$5:$Q$3004,ENSAYOS!$C$5:$C$3004,F10,ENSAYOS!$Q$5:$Q$3004,">0")) -> 127.38542 | S10: =IF(N(M10)<2,"",SQRT(MAX(0,(SUMIFS(ENSAYOS!$X$5:$X$3004,ENSAYOS!$C$5:$C$3004,F10,ENSAYOS!$Q$5:$Q$3004,">0")-M10*P10^2)/(M10-1)))) -> 24.394648 | T10: =IF(S10="","",S10/P10) -> 0.23439145 | U10: =IF(N(M10)=0,"",IF(N10>=CONFIG!$B$27,"",AVERAGEIFS(ENSAYOS!$Q$5:$Q$3004,ENSAYOS!$C$5:$C$3004,F10,ENSAYOS!$Q$5:$Q$3004,">0",ENSAYOS!$G$5:$G$3004,N10))) | V10: =IF(N(M10)=0,"",IF(COUNTIFS(ENSAYOS!$C$5:$C$3004,F10,ENSAYOS!$Q$5:$Q$3004,">0",ENSAYOS!$G$5:$G$3004,">="&CONFIG!$B$27)=0,"",AVERAGEIFS(ENSAYOS!$Q$5:$Q$3004,ENSAYOS!$C$5:$C$3004,F10,ENSAYOS!$Q$5:$Q$3004,">0",ENSAYOS!$G$5:$G$3004,">="&CONFIG!$B$27))) -> 104.07653 | W10: =IF(AND(U10<>"",V10<>""),U10/V10,"") | X10: =IF(U10="","",INDEX('CURVA EDAD'!$E$5:$E$32,MIN(28,MAX(1,N10)))) | Y10: =IF(V10<>"",V10,IF(U10="","",U10/X10)) -> 104.07653 | Z10: =IF(V10<>"",_xlfn.MINIFS(ENSAYOS!$Q$5:$Q$3004,ENSAYOS!$C$5:$C$3004,F10,ENSAYOS!$Q$5:$Q$3004,">0",ENSAYOS!$G$5:$G$3004,">="&CONFIG!$B$27),IF(U10="","",_xlfn.MINIFS(ENSAYOS!$Q$5:$Q$3004,ENSAYOS!$C$5:$C$3004,F10,ENSAYOS!$Q$5:$Q$3004,">0",ENSAYOS!$G$5:$G$3004,N10)/X10)) -> 56.715352 | AA10: =IF(D10="","",IFERROR(1/(1/INDEX(CONFIG!$J$5:$J$14,MATCH(D10,CONFIG!$D$5:$D$14,0))),"")) | AB10: =IF(D10="","",IFERROR(1/(1/INDEX(CONFIG!$K$5:$K$14,MATCH(D10,CONFIG!$D$5:$D$14,0))),"")) | AC10: =IF(N(M10)=0,"",IF(AA10="","Sin spec",IF(AND(Y10>=AA10,OR(AB10="",Z10>=AB10)),"CUMPLE","NO CUMPLE")&IF(V10=""," (est.)",""))) -> Sin spec | AD10: =IF(F10="","",IF(COUNTIFS(ABSORCION!$C$5:$C$1004,F10,ABSORCION!$I$5:$I$1004,">0")=0,"",AVERAGEIFS(ABSORCION!$I$5:$I$1004,ABSORCION!$C$5:$C$1004,F10,ABSORCION!$I$5:$I$1004,">0"))) | AE10: =IF(F10="","",IF(COUNTIFS(ABSORCION!$C$5:$C$1004,F10,ABSORCION!$I$5:$I$1004,">0")=0,"",AVERAGEIFS(ABSORCION!$K$5:$K$1004,ABSORCION!$C$5:$C$1004,F10,ABSORCION!$I$5:$I$1004,">0"))) | AF10: =IF(AE10="","",IF(AE10>=CONFIG!$E$21,CONFIG!$F$21,IF(AE10>=CONFIG!$E$20,CONFIG!$F$20,CONFIG!$F$19))) | AG10: =IF(F10="","",TRIM(IF(N(M10)=0,"Sin ensayos. ","")&IF(AND(N(M10)>0,N(M10)<CONFIG!$B$26),"Menos de "&CONFIG!$B$26&" probetas. ","")&IF(N(T10)>CONFIG!$B$25,"CV alto. ","")&IF(AND(N(AD10)>0,N(AD10)>N(AF10)),"Absorción alta. ",""))) -> CV alto. | AH10: =IF(AND(N(M10)>0,OR(CONTROL!$C$4="TODAS",C10=CONTROL!$C$4),D10=CONTROL!$C$5),MAX($AH$4:AH9)+1,"") -> 5 | AI10: =IF(AH10="","",P10^2) -> 10831.924
A11: =IF(B11="","",ROW()-4) -> 7 | B11: 45649 | C11: P1 | D11: Block 8" | F11: =IF(OR(B11="",C11="",D11=""),"",IFERROR(INDEX(CONFIG!$E$5:$E$14,MATCH(D11,CONFIG!$D$5:$D$14,0)),"?")&RIGHT("0"&DAY(B11),2)&RIGHT("0"&MONTH(B11),2)&RIGHT(YEAR(B11),2)&C11&IF(E11="","","-"&E11)) -> 8231224P1 | G11: 231224P1 | M11: =IF(F11="","",COUNTIFS(ENSAYOS!$C$5:$C$3004,F11,ENSAYOS!$Q$5:$Q$3004,">0")) -> 8 | N11: =IF(N(M11)=0,"",_xlfn.MINIFS(ENSAYOS!$G$5:$G$3004,ENSAYOS!$C$5:$C$3004,F11,ENSAYOS!$Q$5:$Q$3004,">0")) -> 38 | O11: =IF(N(M11)=0,"",_xlfn.MAXIFS(ENSAYOS!$G$5:$G$3004,ENSAYOS!$C$5:$C$3004,F11,ENSAYOS!$Q$5:$Q$3004,">0")) -> 39 | P11: =IF(N(M11)=0,"",AVERAGEIFS(ENSAYOS!$Q$5:$Q$3004,ENSAYOS!$C$5:$C$3004,F11,ENSAYOS!$Q$5:$Q$3004,">0")) -> 80.421941 | Q11: =IF(N(M11)=0,"",_xlfn.MINIFS(ENSAYOS!$Q$5:$Q$3004,ENSAYOS!$C$5:$C$3004,F11,ENSAYOS!$Q$5:$Q$3004,">0")) -> 60.372606 | R11: =IF(N(M11)=0,"",_xlfn.MAXIFS(ENSAYOS!$Q$5:$Q$3004,ENSAYOS!$C$5:$C$3004,F11,ENSAYOS!$Q$5:$Q$3004,">0")) -> 102.10711 | S11: =IF(N(M11)<2,"",SQRT(MAX(0,(SUMIFS(ENSAYOS!$X$5:$X$3004,ENSAYOS!$C$5:$C$3004,F11,ENSAYOS!$Q$5:$Q$3004,">0")-M11*P11^2)/(M11-1)))) -> 12.261866 | T11: =IF(S11="","",S11/P11) -> 0.15246917 | U11: =IF(N(M11)=0,"",IF(N11>=CONFIG!$B$27,"",AVERAGEIFS(ENSAYOS!$Q$5:$Q$3004,ENSAYOS!$C$5:$C$3004,F11,ENSAYOS!$Q$5:$Q$3004,">0",ENSAYOS!$G$5:$G$3004,N11))) | V11: =IF(N(M11)=0,"",IF(COUNTIFS(ENSAYOS!$C$5:$C$3004,F11,ENSAYOS!$Q$5:$Q$3004,">0",ENSAYOS!$G$5:$G$3004,">="&CONFIG!$B$27)=0,"",AVERAGEIFS(ENSAYOS!$Q$5:$Q$3004,ENSAYOS!$C$5:$C$3004,F11,ENSAYOS!$Q$5:$Q$3004,">0",ENSAYOS!$G$5:$G$3004,">="&CONFIG!$B$27))) -> 80.421941 | W11: =IF(AND(U11<>"",V11<>""),U11/V11,"") | X11: =IF(U11="","",INDEX('CURVA EDAD'!$E$5:$E$32,MIN(28,MAX(1,N11)))) | Y11: =IF(V11<>"",V11,IF(U11="","",U11/X11)) -> 80.421941 | Z11: =IF(V11<>"",_xlfn.MINIFS(ENSAYOS!$Q$5:$Q$3004,ENSAYOS!$C$5:$C$3004,F11,ENSAYOS!$Q$5:$Q$3004,">0",ENSAYOS!$G$5:$G$3004,">="&CONFIG!$B$27),IF(U11="","",_xlfn.MINIFS(ENSAYOS!$Q$5:$Q$3004,ENSAYOS!$C$5:$C$3004,F11,ENSAYOS!$Q$5:$Q$3004,">0",ENSAYOS!$G$5:$G$3004,N11)/X11)) -> 60.372606 | AA11: =IF(D11="","",IFERROR(1/(1/INDEX(CONFIG!$J$5:$J$14,MATCH(D11,CONFIG!$D$5:$D$14,0))),"")) | AB11: =IF(D11="","",IFERROR(1/(1/INDEX(CONFIG!$K$5:$K$14,MATCH(D11,CONFIG!$D$5:$D$14,0))),"")) | AC11: =IF(N(M11)=0,"",IF(AA11="","Sin spec",IF(AND(Y11>=AA11,OR(AB11="",Z11>=AB11)),"CUMPLE","NO CUMPLE")&IF(V11=""," (est.)",""))) -> Sin spec | AD11: =IF(F11="","",IF(COUNTIFS(ABSORCION!$C$5:$C$1004,F11,ABSORCION!$I$5:$I$1004,">0")=0,"",AVERAGEIFS(ABSORCION!$I$5:$I$1004,ABSORCION!$C$5:$C$1004,F11,ABSORCION!$I$5:$I$1004,">0"))) | AE11: =IF(F11="","",IF(COUNTIFS(ABSORCION!$C$5:$C$1004,F11,ABSORCION!$I$5:$I$1004,">0")=0,"",AVERAGEIFS(ABSORCION!$K$5:$K$1004,ABSORCION!$C$5:$C$1004,F11,ABSORCION!$I$5:$I$1004,">0"))) | AF11: =IF(AE11="","",IF(AE11>=CONFIG!$E$21,CONFIG!$F$21,IF(AE11>=CONFIG!$E$20,CONFIG!$F$20,CONFIG!$F$19))) | AG11: =IF(F11="","",TRIM(IF(N(M11)=0,"Sin ensayos. ","")&IF(AND(N(M11)>0,N(M11)<CONFIG!$B$26),"Menos de "&CONFIG!$B$26&" probetas. ","")&IF(N(T11)>CONFIG!$B$25,"CV alto. ","")&IF(AND(N(AD11)>0,N(AD11)>N(AF11)),"Absorción alta. ",""))) -> CV alto. | AH11: =IF(AND(N(M11)>0,OR(CONTROL!$C$4="TODAS",C11=CONTROL!$C$4),D11=CONTROL!$C$5),MAX($AH$4:AH10)+1,"") -> 6 | AI11: =IF(AH11="","",P11^2) -> 6467.6886
A12: =IF(B12="","",ROW()-4) -> 8 | B12: 45671 | C12: P1 | D12: Block 8" | F12: =IF(OR(B12="",C12="",D12=""),"",IFERROR(INDEX(CONFIG!$E$5:$E$14,MATCH(D12,CONFIG!$D$5:$D$14,0)),"?")&RIGHT("0"&DAY(B12),2)&RIGHT("0"&MONTH(B12),2)&RIGHT(YEAR(B12),2)&C12&IF(E12="","","-"&E12)) -> 8140125P1 | G12: 140125P1 | M12: =IF(F12="","",COUNTIFS(ENSAYOS!$C$5:$C$3004,F12,ENSAYOS!$Q$5:$Q$3004,">0")) -> 5 | N12: =IF(N(M12)=0,"",_xlfn.MINIFS(ENSAYOS!$G$5:$G$3004,ENSAYOS!$C$5:$C$3004,F12,ENSAYOS!$Q$5:$Q$3004,">0")) -> 4 | O12: =IF(N(M12)=0,"",_xlfn.MAXIFS(ENSAYOS!$G$5:$G$3004,ENSAYOS!$C$5:$C$3004,F12,ENSAYOS!$Q$5:$Q$3004,">0")) -> 4 | P12: =IF(N(M12)=0,"",AVERAGEIFS(ENSAYOS!$Q$5:$Q$3004,ENSAYOS!$C$5:$C$3004,F12,ENSAYOS!$Q$5:$Q$3004,">0")) -> 89.905158 | Q12: =IF(N(M12)=0,"",_xlfn.MINIFS(ENSAYOS!$Q$5:$Q$3004,ENSAYOS!$C$5:$C$3004,F12,ENSAYOS!$Q$5:$Q$3004,">0")) -> 78.451152 | R12: =IF(N(M12)=0,"",_xlfn.MAXIFS(ENSAYOS!$Q$5:$Q$3004,ENSAYOS!$C$5:$C$3004,F12,ENSAYOS!$Q$5:$Q$3004,">0")) -> 102.73069 | S12: =IF(N(M12)<2,"",SQRT(MAX(0,(SUMIFS(ENSAYOS!$X$5:$X$3004,ENSAYOS!$C$5:$C$3004,F12,ENSAYOS!$Q$5:$Q$3004,">0")-M12*P12^2)/(M12-1)))) -> 9.8066016 | T12: =IF(S12="","",S12/P12) -> 0.10907718 | U12: =IF(N(M12)=0,"",IF(N12>=CONFIG!$B$27,"",AVERAGEIFS(ENSAYOS!$Q$5:$Q$3004,ENSAYOS!$C$5:$C$3004,F12,ENSAYOS!$Q$5:$Q$3004,">0",ENSAYOS!$G$5:$G$3004,N12))) -> 89.905158 | V12: =IF(N(M12)=0,"",IF(COUNTIFS(ENSAYOS!$C$5:$C$3004,F12,ENSAYOS!$Q$5:$Q$3004,">0",ENSAYOS!$G$5:$G$3004,">="&CONFIG!$B$27)=0,"",AVERAGEIFS(ENSAYOS!$Q$5:$Q$3004,ENSAYOS!$C$5:$C$3004,F12,ENSAYOS!$Q$5:$Q$3004,">0",ENSAYOS!$G$5:$G$3004,">="&CONFIG!$B$27))) | W12: =IF(AND(U12<>"",V12<>""),U12/V12,"") | X12: =IF(U12="","",INDEX('CURVA EDAD'!$E$5:$E$32,MIN(28,MAX(1,N12)))) -> 0.87 | Y12: =IF(V12<>"",V12,IF(U12="","",U12/X12)) -> 103.33926 | Z12: =IF(V12<>"",_xlfn.MINIFS(ENSAYOS!$Q$5:$Q$3004,ENSAYOS!$C$5:$C$3004,F12,ENSAYOS!$Q$5:$Q$3004,">0",ENSAYOS!$G$5:$G$3004,">="&CONFIG!$B$27),IF(U12="","",_xlfn.MINIFS(ENSAYOS!$Q$5:$Q$3004,ENSAYOS!$C$5:$C$3004,F12,ENSAYOS!$Q$5:$Q$3004,">0",ENSAYOS!$G$5:$G$3004,N12)/X12)) -> 90.173738 | AA12: =IF(D12="","",IFERROR(1/(1/INDEX(CONFIG!$J$5:$J$14,MATCH(D12,CONFIG!$D$5:$D$14,0))),"")) | AB12: =IF(D12="","",IFERROR(1/(1/INDEX(CONFIG!$K$5:$K$14,MATCH(D12,CONFIG!$D$5:$D$14,0))),"")) | AC12: =IF(N(M12)=0,"",IF(AA12="","Sin spec",IF(AND(Y12>=AA12,OR(AB12="",Z12>=AB12)),"CUMPLE","NO CUMPLE")&IF(V12=""," (est.)",""))) -> Sin spec | AD12: =IF(F12="","",IF(COUNTIFS(ABSORCION!$C$5:$C$1004,F12,ABSORCION!$I$5:$I$1004,">0")=0,"",AVERAGEIFS(ABSORCION!$I$5:$I$1004,ABSORCION!$C$5:$C$1004,F12,ABSORCION!$I$5:$I$1004,">0"))) | AE12: =IF(F12="","",IF(COUNTIFS(ABSORCION!$C$5:$C$1004,F12,ABSORCION!$I$5:$I$1004,">0")=0,"",AVERAGEIFS(ABSORCION!$K$5:$K$1004,ABSORCION!$C$5:$C$1004,F12,ABSORCION!$I$5:$I$1004,">0"))) | AF12: =IF(AE12="","",IF(AE12>=CONFIG!$E$21,CONFIG!$F$21,IF(AE12>=CONFIG!$E$20,CONFIG!$F$20,CONFIG!$F$19))) | AG12: =IF(F12="","",TRIM(IF(N(M12)=0,"Sin ensayos. ","")&IF(AND(N(M12)>0,N(M12)<CONFIG!$B$26),"Menos de "&CONFIG!$B$26&" probetas. ","")&IF(N(T12)>CONFIG!$B$25,"CV alto. ","")&IF(AND(N(AD12)>0,N(AD12)>N(AF12)),"Absorción alta. ",""))) | AH12: =IF(AND(N(M12)>0,OR(CONTROL!$C$4="TODAS",C12=CONTROL!$C$4),D12=CONTROL!$C$5),MAX($AH$4:AH11)+1,"") -> 7 | AI12: =IF(AH12="","",P12^2) -> 8082.9375
A13: =IF(B13="","",ROW()-4) -> 9 | B13: 45674 | C13: P1 | D13: Block 8" | F13: =IF(OR(B13="",C13="",D13=""),"",IFERROR(INDEX(CONFIG!$E$5:$E$14,MATCH(D13,CONFIG!$D$5:$D$14,0)),"?")&RIGHT("0"&DAY(B13),2)&RIGHT("0"&MONTH(B13),2)&RIGHT(YEAR(B13),2)&C13&IF(E13="","","-"&E13)) -> 8170125P1 | G13: 170125P1 | M13: =IF(F13="","",COUNTIFS(ENSAYOS!$C$5:$C$3004,F13,ENSAYOS!$Q$5:$Q$3004,">0")) -> 5 | N13: =IF(N(M13)=0,"",_xlfn.MINIFS(ENSAYOS!$G$5:$G$3004,ENSAYOS!$C$5:$C$3004,F13,ENSAYOS!$Q$5:$Q$3004,">0")) -> 5 | O13: =IF(N(M13)=0,"",_xlfn.MAXIFS(ENSAYOS!$G$5:$G$3004,ENSAYOS!$C$5:$C$3004,F13,ENSAYOS!$Q$5:$Q$3004,">0")) -> 5 | P13: =IF(N(M13)=0,"",AVERAGEIFS(ENSAYOS!$Q$5:$Q$3004,ENSAYOS!$C$5:$C$3004,F13,ENSAYOS!$Q$5:$Q$3004,">0")) -> 98.516756 | Q13: =IF(N(M13)=0,"",_xlfn.MINIFS(ENSAYOS!$Q$5:$Q$3004,ENSAYOS!$C$5:$C$3004,F13,ENSAYOS!$Q$5:$Q$3004,">0")) -> 79.64557 | R13: =IF(N(M13)=0,"",_xlfn.MAXIFS(ENSAYOS!$Q$5:$Q$3004,ENSAYOS!$C$5:$C$3004,F13,ENSAYOS!$Q$5:$Q$3004,">0")) -> 114.41292 | S13: =IF(N(M13)<2,"",SQRT(MAX(0,(SUMIFS(ENSAYOS!$X$5:$X$3004,ENSAYOS!$C$5:$C$3004,F13,ENSAYOS!$Q$5:$Q$3004,">0")-M13*P13^2)/(M13-1)))) -> 15.125101 | T13: =IF(S13="","",S13/P13) -> 0.15352821 | U13: =IF(N(M13)=0,"",IF(N13>=CONFIG!$B$27,"",AVERAGEIFS(ENSAYOS!$Q$5:$Q$3004,ENSAYOS!$C$5:$C$3004,F13,ENSAYOS!$Q$5:$Q$3004,">0",ENSAYOS!$G$5:$G$3004,N13))) -> 98.516756 | V13: =IF(N(M13)=0,"",IF(COUNTIFS(ENSAYOS!$C$5:$C$3004,F13,ENSAYOS!$Q$5:$Q$3004,">0",ENSAYOS!$G$5:$G$3004,">="&CONFIG!$B$27)=0,"",AVERAGEIFS(ENSAYOS!$Q$5:$Q$3004,ENSAYOS!$C$5:$C$3004,F13,ENSAYOS!$Q$5:$Q$3004,">0",ENSAYOS!$G$5:$G$3004,">="&CONFIG!$B$27))) | W13: =IF(AND(U13<>"",V13<>""),U13/V13,"") | X13: =IF(U13="","",INDEX('CURVA EDAD'!$E$5:$E$32,MIN(28,MAX(1,N13)))) -> 0.89 | Y13: =IF(V13<>"",V13,IF(U13="","",U13/X13)) -> 110.69298 | Z13: =IF(V13<>"",_xlfn.MINIFS(ENSAYOS!$Q$5:$Q$3004,ENSAYOS!$C$5:$C$3004,F13,ENSAYOS!$Q$5:$Q$3004,">0",ENSAYOS!$G$5:$G$3004,">="&CONFIG!$B$27),IF(U13="","",_xlfn.MINIFS(ENSAYOS!$Q$5:$Q$3004,ENSAYOS!$C$5:$C$3004,F13,ENSAYOS!$Q$5:$Q$3004,">0",ENSAYOS!$G$5:$G$3004,N13)/X13)) -> 89.489404 | AA13: =IF(D13="","",IFERROR(1/(1/INDEX(CONFIG!$J$5:$J$14,MATCH(D13,CONFIG!$D$5:$D$14,0))),"")) | AB13: =IF(D13="","",IFERROR(1/(1/INDEX(CONFIG!$K$5:$K$14,MATCH(D13,CONFIG!$D$5:$D$14,0))),"")) | AC13: =IF(N(M13)=0,"",IF(AA13="","Sin spec",IF(AND(Y13>=AA13,OR(AB13="",Z13>=AB13)),"CUMPLE","NO CUMPLE")&IF(V13=""," (est.)",""))) -> Sin spec | AD13: =IF(F13="","",IF(COUNTIFS(ABSORCION!$C$5:$C$1004,F13,ABSORCION!$I$5:$I$1004,">0")=0,"",AVERAGEIFS(ABSORCION!$I$5:$I$1004,ABSORCION!$C$5:$C$1004,F13,ABSORCION!$I$5:$I$1004,">0"))) | AE13: =IF(F13="","",IF(COUNTIFS(ABSORCION!$C$5:$C$1004,F13,ABSORCION!$I$5:$I$1004,">0")=0,"",AVERAGEIFS(ABSORCION!$K$5:$K$1004,ABSORCION!$C$5:$C$1004,F13,ABSORCION!$I$5:$I$1004,">0"))) | AF13: =IF(AE13="","",IF(AE13>=CONFIG!$E$21,CONFIG!$F$21,IF(AE13>=CONFIG!$E$20,CONFIG!$F$20,CONFIG!$F$19))) | AG13: =IF(F13="","",TRIM(IF(N(M13)=0,"Sin ensayos. ","")&IF(AND(N(M13)>0,N(M13)<CONFIG!$B$26),"Menos de "&CONFIG!$B$26&" probetas. ","")&IF(N(T13)>CONFIG!$B$25,"CV alto. ","")&IF(AND(N(AD13)>0,N(AD13)>N(AF13)),"Absorción alta. ",""))) -> CV alto. | AH13: =IF(AND(N(M13)>0,OR(CONTROL!$C$4="TODAS",C13=CONTROL!$C$4),D13=CONTROL!$C$5),MAX($AH$4:AH12)+1,"") -> 8 | AI13: =IF(AH13="","",P13^2) -> 9705.5511
A14: =IF(B14="","",ROW()-4) -> 10 | B14: 45691 | C14: P2 | D14: Block 6" | F14: =IF(OR(B14="",C14="",D14=""),"",IFERROR(INDEX(CONFIG!$E$5:$E$14,MATCH(D14,CONFIG!$D$5:$D$14,0)),"?")&RIGHT("0"&DAY(B14),2)&RIGHT("0"&MONTH(B14),2)&RIGHT(YEAR(B14),2)&C14&IF(E14="","","-"&E14)) -> 6030225P2 | G14: 030225P2 | M14: =IF(F14="","",COUNTIFS(ENSAYOS!$C$5:$C$3004,F14,ENSAYOS!$Q$5:$Q$3004,">0")) -> 7 | N14: =IF(N(M14)=0,"",_xlfn.MINIFS(ENSAYOS!$G$5:$G$3004,ENSAYOS!$C$5:$C$3004,F14,ENSAYOS!$Q$5:$Q$3004,">0")) -> 3 | O14: =IF(N(M14)=0,"",_xlfn.MAXIFS(ENSAYOS!$G$5:$G$3004,ENSAYOS!$C$5:$C$3004,F14,ENSAYOS!$Q$5:$Q$3004,">0")) -> 3 | P14: =IF(N(M14)=0,"",AVERAGEIFS(ENSAYOS!$Q$5:$Q$3004,ENSAYOS!$C$5:$C$3004,F14,ENSAYOS!$Q$5:$Q$3004,">0")) -> 65.758683 | Q14: =IF(N(M14)=0,"",_xlfn.MINIFS(ENSAYOS!$Q$5:$Q$3004,ENSAYOS!$C$5:$C$3004,F14,ENSAYOS!$Q$5:$Q$3004,">0")) -> 52.054125 | R14: =IF(N(M14)=0,"",_xlfn.MAXIFS(ENSAYOS!$Q$5:$Q$3004,ENSAYOS!$C$5:$C$3004,F14,ENSAYOS!$Q$5:$Q$3004,">0")) -> 80.185072 | S14: =IF(N(M14)<2,"",SQRT(MAX(0,(SUMIFS(ENSAYOS!$X$5:$X$3004,ENSAYOS!$C$5:$C$3004,F14,ENSAYOS!$Q$5:$Q$3004,">0")-M14*P14^2)/(M14-1)))) -> 10.936682 | T14: =IF(S14="","",S14/P14) -> 0.16631541 | U14: =IF(N(M14)=0,"",IF(N14>=CONFIG!$B$27,"",AVERAGEIFS(ENSAYOS!$Q$5:$Q$3004,ENSAYOS!$C$5:$C$3004,F14,ENSAYOS!$Q$5:$Q$3004,">0",ENSAYOS!$G$5:$G$3004,N14))) -> 65.758683 | V14: =IF(N(M14)=0,"",IF(COUNTIFS(ENSAYOS!$C$5:$C$3004,F14,ENSAYOS!$Q$5:$Q$3004,">0",ENSAYOS!$G$5:$G$3004,">="&CONFIG!$B$27)=0,"",AVERAGEIFS(ENSAYOS!$Q$5:$Q$3004,ENSAYOS!$C$5:$C$3004,F14,ENSAYOS!$Q$5:$Q$3004,">0",ENSAYOS!$G$5:$G$3004,">="&CONFIG!$B$27))) | W14: =IF(AND(U14<>"",V14<>""),U14/V14,"") | X14: =IF(U14="","",INDEX('CURVA EDAD'!$E$5:$E$32,MIN(28,MAX(1,N14)))) -> 0.84 | Y14: =IF(V14<>"",V14,IF(U14="","",U14/X14)) -> 78.284146 | Z14: =IF(V14<>"",_xlfn.MINIFS(ENSAYOS!$Q$5:$Q$3004,ENSAYOS!$C$5:$C$3004,F14,ENSAYOS!$Q$5:$Q$3004,">0",ENSAYOS!$G$5:$G$3004,">="&CONFIG!$B$27),IF(U14="","",_xlfn.MINIFS(ENSAYOS!$Q$5:$Q$3004,ENSAYOS!$C$5:$C$3004,F14,ENSAYOS!$Q$5:$Q$3004,">0",ENSAYOS!$G$5:$G$3004,N14)/X14)) -> 61.969196 | AA14: =IF(D14="","",IFERROR(1/(1/INDEX(CONFIG!$J$5:$J$14,MATCH(D14,CONFIG!$D$5:$D$14,0))),"")) | AB14: =IF(D14="","",IFERROR(1/(1/INDEX(CONFIG!$K$5:$K$14,MATCH(D14,CONFIG!$D$5:$D$14,0))),"")) | AC14: =IF(N(M14)=0,"",IF(AA14="","Sin spec",IF(AND(Y14>=AA14,OR(AB14="",Z14>=AB14)),"CUMPLE","NO CUMPLE")&IF(V14=""," (est.)",""))) -> Sin spec | AD14: =IF(F14="","",IF(COUNTIFS(ABSORCION!$C$5:$C$1004,F14,ABSORCION!$I$5:$I$1004,">0")=0,"",AVERAGEIFS(ABSORCION!$I$5:$I$1004,ABSORCION!$C$5:$C$1004,F14,ABSORCION!$I$5:$I$1004,">0"))) | AE14: =IF(F14="","",IF(COUNTIFS(ABSORCION!$C$5:$C$1004,F14,ABSORCION!$I$5:$I$1004,">0")=0,"",AVERAGEIFS(ABSORCION!$K$5:$K$1004,ABSORCION!$C$5:$C$1004,F14,ABSORCION!$I$5:$I$1004,">0"))) | AF14: =IF(AE14="","",IF(AE14>=CONFIG!$E$21,CONFIG!$F$21,IF(AE14>=CONFIG!$E$20,CONFIG!$F$20,CONFIG!$F$19))) | AG14: =IF(F14="","",TRIM(IF(N(M14)=0,"Sin ensayos. ","")&IF(AND(N(M14)>0,N(M14)<CONFIG!$B$26),"Menos de "&CONFIG!$B$26&" probetas. ","")&IF(N(T14)>CONFIG!$B$25,"CV alto. ","")&IF(AND(N(AD14)>0,N(AD14)>N(AF14)),"Absorción alta. ",""))) -> CV alto. | AH14: =IF(AND(N(M14)>0,OR(CONTROL!$C$4="TODAS",C14=CONTROL!$C$4),D14=CONTROL!$C$5),MAX($AH$4:AH13)+1,"") | AI14: =IF(AH14="","",P14^2)
A15: =IF(B15="","",ROW()-4) -> 11 | B15: 45694 | C15: P1 | D15: Block 8" | F15: =IF(OR(B15="",C15="",D15=""),"",IFERROR(INDEX(CONFIG!$E$5:$E$14,MATCH(D15,CONFIG!$D$5:$D$14,0)),"?")&RIGHT("0"&DAY(B15),2)&RIGHT("0"&MONTH(B15),2)&RIGHT(YEAR(B15),2)&C15&IF(E15="","","-"&E15)) -> 8060225P1 | G15: 060225P1 | M15: =IF(F15="","",COUNTIFS(ENSAYOS!$C$5:$C$3004,F15,ENSAYOS!$Q$5:$Q$3004,">0")) -> 4 | N15: =IF(N(M15)=0,"",_xlfn.MINIFS(ENSAYOS!$G$5:$G$3004,ENSAYOS!$C$5:$C$3004,F15,ENSAYOS!$Q$5:$Q$3004,">0")) -> 5 | O15: =IF(N(M15)=0,"",_xlfn.MAXIFS(ENSAYOS!$G$5:$G$3004,ENSAYOS!$C$5:$C$3004,F15,ENSAYOS!$Q$5:$Q$3004,">0")) -> 5 | P15: =IF(N(M15)=0,"",AVERAGEIFS(ENSAYOS!$Q$5:$Q$3004,ENSAYOS!$C$5:$C$3004,F15,ENSAYOS!$Q$5:$Q$3004,">0")) -> 87.764362 | Q15: =IF(N(M15)=0,"",_xlfn.MINIFS(ENSAYOS!$Q$5:$Q$3004,ENSAYOS!$C$5:$C$3004,F15,ENSAYOS!$Q$5:$Q$3004,">0")) -> 82.567997 | R15: =IF(N(M15)=0,"",_xlfn.MAXIFS(ENSAYOS!$Q$5:$Q$3004,ENSAYOS!$C$5:$C$3004,F15,ENSAYOS!$Q$5:$Q$3004,">0")) -> 92.036352 | S15: =IF(N(M15)<2,"",SQRT(MAX(0,(SUMIFS(ENSAYOS!$X$5:$X$3004,ENSAYOS!$C$5:$C$3004,F15,ENSAYOS!$Q$5:$Q$3004,">0")-M15*P15^2)/(M15-1)))) -> 4.0053829 | T15: =IF(S15="","",S15/P15) -> 0.04563792 | U15: =IF(N(M15)=0,"",IF(N15>=CONFIG!$B$27,"",AVERAGEIFS(ENSAYOS!$Q$5:$Q$3004,ENSAYOS!$C$5:$C$3004,F15,ENSAYOS!$Q$5:$Q$3004,">0",ENSAYOS!$G$5:$G$3004,N15))) -> 87.764362 | V15: =IF(N(M15)=0,"",IF(COUNTIFS(ENSAYOS!$C$5:$C$3004,F15,ENSAYOS!$Q$5:$Q$3004,">0",ENSAYOS!$G$5:$G$3004,">="&CONFIG!$B$27)=0,"",AVERAGEIFS(ENSAYOS!$Q$5:$Q$3004,ENSAYOS!$C$5:$C$3004,F15,ENSAYOS!$Q$5:$Q$3004,">0",ENSAYOS!$G$5:$G$3004,">="&CONFIG!$B$27))) | W15: =IF(AND(U15<>"",V15<>""),U15/V15,"") | X15: =IF(U15="","",INDEX('CURVA EDAD'!$E$5:$E$32,MIN(28,MAX(1,N15)))) -> 0.89 | Y15: =IF(V15<>"",V15,IF(U15="","",U15/X15)) -> 98.611643 | Z15: =IF(V15<>"",_xlfn.MINIFS(ENSAYOS!$Q$5:$Q$3004,ENSAYOS!$C$5:$C$3004,F15,ENSAYOS!$Q$5:$Q$3004,">0",ENSAYOS!$G$5:$G$3004,">="&CONFIG!$B$27),IF(U15="","",_xlfn.MINIFS(ENSAYOS!$Q$5:$Q$3004,ENSAYOS!$C$5:$C$3004,F15,ENSAYOS!$Q$5:$Q$3004,">0",ENSAYOS!$G$5:$G$3004,N15)/X15)) -> 92.773031 | AA15: =IF(D15="","",IFERROR(1/(1/INDEX(CONFIG!$J$5:$J$14,MATCH(D15,CONFIG!$D$5:$D$14,0))),"")) | AB15: =IF(D15="","",IFERROR(1/(1/INDEX(CONFIG!$K$5:$K$14,MATCH(D15,CONFIG!$D$5:$D$14,0))),"")) | AC15: =IF(N(M15)=0,"",IF(AA15="","Sin spec",IF(AND(Y15>=AA15,OR(AB15="",Z15>=AB15)),"CUMPLE","NO CUMPLE")&IF(V15=""," (est.)",""))) -> Sin spec | AD15: =IF(F15="","",IF(COUNTIFS(ABSORCION!$C$5:$C$1004,F15,ABSORCION!$I$5:$I$1004,">0")=0,"",AVERAGEIFS(ABSORCION!$I$5:$I$1004,ABSORCION!$C$5:$C$1004,F15,ABSORCION!$I$5:$I$1004,">0"))) | AE15: =IF(F15="","",IF(COUNTIFS(ABSORCION!$C$5:$C$1004,F15,ABSORCION!$I$5:$I$1004,">0")=0,"",AVERAGEIFS(ABSORCION!$K$5:$K$1004,ABSORCION!$C$5:$C$1004,F15,ABSORCION!$I$5:$I$1004,">0"))) | AF15: =IF(AE15="","",IF(AE15>=CONFIG!$E$21,CONFIG!$F$21,IF(AE15>=CONFIG!$E$20,CONFIG!$F$20,CONFIG!$F$19))) | AG15: =IF(F15="","",TRIM(IF(N(M15)=0,"Sin ensayos. ","")&IF(AND(N(M15)>0,N(M15)<CONFIG!$B$26),"Menos de "&CONFIG!$B$26&" probetas. ","")&IF(N(T15)>CONFIG!$B$25,"CV alto. ","")&IF(AND(N(AD15)>0,N(AD15)>N(AF15)),"Absorción alta. ",""))) | AH15: =IF(AND(N(M15)>0,OR(CONTROL!$C$4="TODAS",C15=CONTROL!$C$4),D15=CONTROL!$C$5),MAX($AH$4:AH14)+1,"") -> 9 | AI15: =IF(AH15="","",P15^2) -> 7702.5833
A16: =IF(B16="","",ROW()-4) -> 12 | B16: 45699 | C16: P1 | D16: Block 8" | F16: =IF(OR(B16="",C16="",D16=""),"",IFERROR(INDEX(CONFIG!$E$5:$E$14,MATCH(D16,CONFIG!$D$5:$D$14,0)),"?")&RIGHT("0"&DAY(B16),2)&RIGHT("0"&MONTH(B16),2)&RIGHT(YEAR(B16),2)&C16&IF(E16="","","-"&E16)) -> 8110225P1 | M16: =IF(F16="","",COUNTIFS(ENSAYOS!$C$5:$C$3004,F16,ENSAYOS!$Q$5:$Q$3004,">0")) -> 4 | N16: =IF(N(M16)=0,"",_xlfn.MINIFS(ENSAYOS!$G$5:$G$3004,ENSAYOS!$C$5:$C$3004,F16,ENSAYOS!$Q$5:$Q$3004,">0")) -> 2 | O16: =IF(N(M16)=0,"",_xlfn.MAXIFS(ENSAYOS!$G$5:$G$3004,ENSAYOS!$C$5:$C$3004,F16,ENSAYOS!$Q$5:$Q$3004,">0")) -> 2 | P16: =IF(N(M16)=0,"",AVERAGEIFS(ENSAYOS!$Q$5:$Q$3004,ENSAYOS!$C$5:$C$3004,F16,ENSAYOS!$Q$5:$Q$3004,">0")) -> 64.297306 | Q16: =IF(N(M16)=0,"",_xlfn.MINIFS(ENSAYOS!$Q$5:$Q$3004,ENSAYOS!$C$5:$C$3004,F16,ENSAYOS!$Q$5:$Q$3004,">0")) -> 55.484583 | R16: =IF(N(M16)=0,"",_xlfn.MAXIFS(ENSAYOS!$Q$5:$Q$3004,ENSAYOS!$C$5:$C$3004,F16,ENSAYOS!$Q$5:$Q$3004,">0")) -> 72.385589 | S16: =IF(N(M16)<2,"",SQRT(MAX(0,(SUMIFS(ENSAYOS!$X$5:$X$3004,ENSAYOS!$C$5:$C$3004,F16,ENSAYOS!$Q$5:$Q$3004,">0")-M16*P16^2)/(M16-1)))) -> 7.0733406 | T16: =IF(S16="","",S16/P16) -> 0.11000991 | U16: =IF(N(M16)=0,"",IF(N16>=CONFIG!$B$27,"",AVERAGEIFS(ENSAYOS!$Q$5:$Q$3004,ENSAYOS!$C$5:$C$3004,F16,ENSAYOS!$Q$5:$Q$3004,">0",ENSAYOS!$G$5:$G$3004,N16))) -> 64.297306 | V16: =IF(N(M16)=0,"",IF(COUNTIFS(ENSAYOS!$C$5:$C$3004,F16,ENSAYOS!$Q$5:$Q$3004,">0",ENSAYOS!$G$5:$G$3004,">="&CONFIG!$B$27)=0,"",AVERAGEIFS(ENSAYOS!$Q$5:$Q$3004,ENSAYOS!$C$5:$C$3004,F16,ENSAYOS!$Q$5:$Q$3004,">0",ENSAYOS!$G$5:$G$3004,">="&CONFIG!$B$27))) | W16: =IF(AND(U16<>"",V16<>""),U16/V16,"") | X16: =IF(U16="","",INDEX('CURVA EDAD'!$E$5:$E$32,MIN(28,MAX(1,N16)))) -> 0.77 | Y16: =IF(V16<>"",V16,IF(U16="","",U16/X16)) -> 83.502995 | Z16: =IF(V16<>"",_xlfn.MINIFS(ENSAYOS!$Q$5:$Q$3004,ENSAYOS!$C$5:$C$3004,F16,ENSAYOS!$Q$5:$Q$3004,">0",ENSAYOS!$G$5:$G$3004,">="&CONFIG!$B$27),IF(U16="","",_xlfn.MINIFS(ENSAYOS!$Q$5:$Q$3004,ENSAYOS!$C$5:$C$3004,F16,ENSAYOS!$Q$5:$Q$3004,">0",ENSAYOS!$G$5:$G$3004,N16)/X16)) -> 72.0579 | AA16: =IF(D16="","",IFERROR(1/(1/INDEX(CONFIG!$J$5:$J$14,MATCH(D16,CONFIG!$D$5:$D$14,0))),"")) | AB16: =IF(D16="","",IFERROR(1/(1/INDEX(CONFIG!$K$5:$K$14,MATCH(D16,CONFIG!$D$5:$D$14,0))),"")) | AC16: =IF(N(M16)=0,"",IF(AA16="","Sin spec",IF(AND(Y16>=AA16,OR(AB16="",Z16>=AB16)),"CUMPLE","NO CUMPLE")&IF(V16=""," (est.)",""))) -> Sin spec | AD16: =IF(F16="","",IF(COUNTIFS(ABSORCION!$C$5:$C$1004,F16,ABSORCION!$I$5:$I$1004,">0")=0,"",AVERAGEIFS(ABSORCION!$I$5:$I$1004,ABSORCION!$C$5:$C$1004,F16,ABSORCION!$I$5:$I$1004,">0"))) | AE16: =IF(F16="","",IF(COUNTIFS(ABSORCION!$C$5:$C$1004,F16,ABSORCION!$I$5:$I$1004,">0")=0,"",AVERAGEIFS(ABSORCION!$K$5:$K$1004,ABSORCION!$C$5:$C$1004,F16,ABSORCION!$I$5:$I$1004,">0"))) | AF16: =IF(AE16="","",IF(AE16>=CONFIG!$E$21,CONFIG!$F$21,IF(AE16>=CONFIG!$E$20,CONFIG!$F$20,CONFIG!$F$19))) | AG16: =IF(F16="","",TRIM(IF(N(M16)=0,"Sin ensayos. ","")&IF(AND(N(M16)>0,N(M16)<CONFIG!$B$26),"Menos de "&CONFIG!$B$26&" probetas. ","")&IF(N(T16)>CONFIG!$B$25,"CV alto. ","")&IF(AND(N(AD16)>0,N(AD16)>N(AF16)),"Absorción alta. ",""))) | AH16: =IF(AND(N(M16)>0,OR(CONTROL!$C$4="TODAS",C16=CONTROL!$C$4),D16=CONTROL!$C$5),MAX($AH$4:AH15)+1,"") -> 10 | AI16: =IF(AH16="","",P16^2) -> 4134.1436
A17: =IF(B17="","",ROW()-4) -> 13 | B17: 45700 | C17: P2 | D17: Block 6" | F17: =IF(OR(B17="",C17="",D17=""),"",IFERROR(INDEX(CONFIG!$E$5:$E$14,MATCH(D17,CONFIG!$D$5:$D$14,0)),"?")&RIGHT("0"&DAY(B17),2)&RIGHT("0"&MONTH(B17),2)&RIGHT(YEAR(B17),2)&C17&IF(E17="","","-"&E17)) -> 6120225P2 | M17: =IF(F17="","",COUNTIFS(ENSAYOS!$C$5:$C$3004,F17,ENSAYOS!$Q$5:$Q$3004,">0")) -> 5 | N17: =IF(N(M17)=0,"",_xlfn.MINIFS(ENSAYOS!$G$5:$G$3004,ENSAYOS!$C$5:$C$3004,F17,ENSAYOS!$Q$5:$Q$3004,">0")) -> 5 | O17: =IF(N(M17)=0,"",_xlfn.MAXIFS(ENSAYOS!$G$5:$G$3004,ENSAYOS!$C$5:$C$3004,F17,ENSAYOS!$Q$5:$Q$3004,">0")) -> 5 | P17: =IF(N(M17)=0,"",AVERAGEIFS(ENSAYOS!$Q$5:$Q$3004,ENSAYOS!$C$5:$C$3004,F17,ENSAYOS!$Q$5:$Q$3004,">0")) -> 67.639983 | Q17: =IF(N(M17)=0,"",_xlfn.MINIFS(ENSAYOS!$Q$5:$Q$3004,ENSAYOS!$C$5:$C$3004,F17,ENSAYOS!$Q$5:$Q$3004,">0")) -> 60.750764 | R17: =IF(N(M17)=0,"",_xlfn.MAXIFS(ENSAYOS!$Q$5:$Q$3004,ENSAYOS!$C$5:$C$3004,F17,ENSAYOS!$Q$5:$Q$3004,">0")) -> 83.605412 | S17: =IF(N(M17)<2,"",SQRT(MAX(0,(SUMIFS(ENSAYOS!$X$5:$X$3004,ENSAYOS!$C$5:$C$3004,F17,ENSAYOS!$Q$5:$Q$3004,">0")-M17*P17^2)/(M17-1)))) -> 9.3749847 | T17: =IF(S17="","",S17/P17) -> 0.13860123 | U17: =IF(N(M17)=0,"",IF(N17>=CONFIG!$B$27,"",AVERAGEIFS(ENSAYOS!$Q$5:$Q$3004,ENSAYOS!$C$5:$C$3004,F17,ENSAYOS!$Q$5:$Q$3004,">0",ENSAYOS!$G$5:$G$3004,N17))) -> 67.639983 | V17: =IF(N(M17)=0,"",IF(COUNTIFS(ENSAYOS!$C$5:$C$3004,F17,ENSAYOS!$Q$5:$Q$3004,">0",ENSAYOS!$G$5:$G$3004,">="&CONFIG!$B$27)=0,"",AVERAGEIFS(ENSAYOS!$Q$5:$Q$3004,ENSAYOS!$C$5:$C$3004,F17,ENSAYOS!$Q$5:$Q$3004,">0",ENSAYOS!$G$5:$G$3004,">="&CONFIG!$B$27))) | W17: =IF(AND(U17<>"",V17<>""),U17/V17,"") | X17: =IF(U17="","",INDEX('CURVA EDAD'!$E$5:$E$32,MIN(28,MAX(1,N17)))) -> 0.89 | Y17: =IF(V17<>"",V17,IF(U17="","",U17/X17)) -> 75.99998 | Z17: =IF(V17<>"",_xlfn.MINIFS(ENSAYOS!$Q$5:$Q$3004,ENSAYOS!$C$5:$C$3004,F17,ENSAYOS!$Q$5:$Q$3004,">0",ENSAYOS!$G$5:$G$3004,">="&CONFIG!$B$27),IF(U17="","",_xlfn.MINIFS(ENSAYOS!$Q$5:$Q$3004,ENSAYOS!$C$5:$C$3004,F17,ENSAYOS!$Q$5:$Q$3004,">0",ENSAYOS!$G$5:$G$3004,N17)/X17)) -> 68.259285 | AA17: =IF(D17="","",IFERROR(1/(1/INDEX(CONFIG!$J$5:$J$14,MATCH(D17,CONFIG!$D$5:$D$14,0))),"")) | AB17: =IF(D17="","",IFERROR(1/(1/INDEX(CONFIG!$K$5:$K$14,MATCH(D17,CONFIG!$D$5:$D$14,0))),"")) | AC17: =IF(N(M17)=0,"",IF(AA17="","Sin spec",IF(AND(Y17>=AA17,OR(AB17="",Z17>=AB17)),"CUMPLE","NO CUMPLE")&IF(V17=""," (est.)",""))) -> Sin spec | AD17: =IF(F17="","",IF(COUNTIFS(ABSORCION!$C$5:$C$1004,F17,ABSORCION!$I$5:$I$1004,">0")=0,"",AVERAGEIFS(ABSORCION!$I$5:$I$1004,ABSORCION!$C$5:$C$1004,F17,ABSORCION!$I$5:$I$1004,">0"))) | AE17: =IF(F17="","",IF(COUNTIFS(ABSORCION!$C$5:$C$1004,F17,ABSORCION!$I$5:$I$1004,">0")=0,"",AVERAGEIFS(ABSORCION!$K$5:$K$1004,ABSORCION!$C$5:$C$1004,F17,ABSORCION!$I$5:$I$1004,">0"))) | AF17: =IF(AE17="","",IF(AE17>=CONFIG!$E$21,CONFIG!$F$21,IF(AE17>=CONFIG!$E$20,CONFIG!$F$20,CONFIG!$F$19))) | AG17: =IF(F17="","",TRIM(IF(N(M17)=0,"Sin ensayos. ","")&IF(AND(N(M17)>0,N(M17)<CONFIG!$B$26),"Menos de "&CONFIG!$B$26&" probetas. ","")&IF(N(T17)>CONFIG!$B$25,"CV alto. ","")&IF(AND(N(AD17)>0,N(AD17)>N(AF17)),"Absorción alta. ",""))) | AH17: =IF(AND(N(M17)>0,OR(CONTROL!$C$4="TODAS",C17=CONTROL!$C$4),D17=CONTROL!$C$5),MAX($AH$4:AH16)+1,"") | AI17: =IF(AH17="","",P17^2)
A18: =IF(B18="","",ROW()-4) -> 14 | B18: 45700 | C18: P1 | D18: Block 8" | F18: =IF(OR(B18="",C18="",D18=""),"",IFERROR(INDEX(CONFIG!$E$5:$E$14,MATCH(D18,CONFIG!$D$5:$D$14,0)),"?")&RIGHT("0"&DAY(B18),2)&RIGHT("0"&MONTH(B18),2)&RIGHT(YEAR(B18),2)&C18&IF(E18="","","-"&E18)) -> 8120225P1 | M18: =IF(F18="","",COUNTIFS(ENSAYOS!$C$5:$C$3004,F18,ENSAYOS!$Q$5:$Q$3004,">0")) -> 5 | N18: =IF(N(M18)=0,"",_xlfn.MINIFS(ENSAYOS!$G$5:$G$3004,ENSAYOS!$C$5:$C$3004,F18,ENSAYOS!$Q$5:$Q$3004,">0")) -> 5 | O18: =IF(N(M18)=0,"",_xlfn.MAXIFS(ENSAYOS!$G$5:$G$3004,ENSAYOS!$C$5:$C$3004,F18,ENSAYOS!$Q$5:$Q$3004,">0")) -> 5 | P18: =IF(N(M18)=0,"",AVERAGEIFS(ENSAYOS!$Q$5:$Q$3004,ENSAYOS!$C$5:$C$3004,F18,ENSAYOS!$Q$5:$Q$3004,">0")) -> 76.222785 | Q18: =IF(N(M18)=0,"",_xlfn.MINIFS(ENSAYOS!$Q$5:$Q$3004,ENSAYOS!$C$5:$C$3004,F18,ENSAYOS!$Q$5:$Q$3004,">0")) -> 57.533268 | R18: =IF(N(M18)=0,"",_xlfn.MAXIFS(ENSAYOS!$Q$5:$Q$3004,ENSAYOS!$C$5:$C$3004,F18,ENSAYOS!$Q$5:$Q$3004,">0")) -> 90.900357 | S18: =IF(N(M18)<2,"",SQRT(MAX(0,(SUMIFS(ENSAYOS!$X$5:$X$3004,ENSAYOS!$C$5:$C$3004,F18,ENSAYOS!$Q$5:$Q$3004,">0")-M18*P18^2)/(M18-1)))) -> 13.502216 | T18: =IF(S18="","",S18/P18) -> 0.17714147 | U18: =IF(N(M18)=0,"",IF(N18>=CONFIG!$B$27,"",AVERAGEIFS(ENSAYOS!$Q$5:$Q$3004,ENSAYOS!$C$5:$C$3004,F18,ENSAYOS!$Q$5:$Q$3004,">0",ENSAYOS!$G$5:$G$3004,N18))) -> 76.222785 | V18: =IF(N(M18)=0,"",IF(COUNTIFS(ENSAYOS!$C$5:$C$3004,F18,ENSAYOS!$Q$5:$Q$3004,">0",ENSAYOS!$G$5:$G$3004,">="&CONFIG!$B$27)=0,"",AVERAGEIFS(ENSAYOS!$Q$5:$Q$3004,ENSAYOS!$C$5:$C$3004,F18,ENSAYOS!$Q$5:$Q$3004,">0",ENSAYOS!$G$5:$G$3004,">="&CONFIG!$B$27))) | W18: =IF(AND(U18<>"",V18<>""),U18/V18,"") | X18: =IF(U18="","",INDEX('CURVA EDAD'!$E$5:$E$32,MIN(28,MAX(1,N18)))) -> 0.89 | Y18: =IF(V18<>"",V18,IF(U18="","",U18/X18)) -> 85.643578 | Z18: =IF(V18<>"",_xlfn.MINIFS(ENSAYOS!$Q$5:$Q$3004,ENSAYOS!$C$5:$C$3004,F18,ENSAYOS!$Q$5:$Q$3004,">0",ENSAYOS!$G$5:$G$3004,">="&CONFIG!$B$27),IF(U18="","",_xlfn.MINIFS(ENSAYOS!$Q$5:$Q$3004,ENSAYOS!$C$5:$C$3004,F18,ENSAYOS!$Q$5:$Q$3004,">0",ENSAYOS!$G$5:$G$3004,N18)/X18)) -> 64.644122 | AA18: =IF(D18="","",IFERROR(1/(1/INDEX(CONFIG!$J$5:$J$14,MATCH(D18,CONFIG!$D$5:$D$14,0))),"")) | AB18: =IF(D18="","",IFERROR(1/(1/INDEX(CONFIG!$K$5:$K$14,MATCH(D18,CONFIG!$D$5:$D$14,0))),"")) | AC18: =IF(N(M18)=0,"",IF(AA18="","Sin spec",IF(AND(Y18>=AA18,OR(AB18="",Z18>=AB18)),"CUMPLE","NO CUMPLE")&IF(V18=""," (est.)",""))) -> Sin spec | AD18: =IF(F18="","",IF(COUNTIFS(ABSORCION!$C$5:$C$1004,F18,ABSORCION!$I$5:$I$1004,">0")=0,"",AVERAGEIFS(ABSORCION!$I$5:$I$1004,ABSORCION!$C$5:$C$1004,F18,ABSORCION!$I$5:$I$1004,">0"))) | AE18: =IF(F18="","",IF(COUNTIFS(ABSORCION!$C$5:$C$1004,F18,ABSORCION!$I$5:$I$1004,">0")=0,"",AVERAGEIFS(ABSORCION!$K$5:$K$1004,ABSORCION!$C$5:$C$1004,F18,ABSORCION!$I$5:$I$1004,">0"))) | AF18: =IF(AE18="","",IF(AE18>=CONFIG!$E$21,CONFIG!$F$21,IF(AE18>=CONFIG!$E$20,CONFIG!$F$20,CONFIG!$F$19))) | AG18: =IF(F18="","",TRIM(IF(N(M18)=0,"Sin ensayos. ","")&IF(AND(N(M18)>0,N(M18)<CONFIG!$B$26),"Menos de "&CONFIG!$B$26&" probetas. ","")&IF(N(T18)>CONFIG!$B$25,"CV alto. ","")&IF(AND(N(AD18)>0,N(AD18)>N(AF18)),"Absorción alta. ",""))) -> CV alto. | AH18: =IF(AND(N(M18)>0,OR(CONTROL!$C$4="TODAS",C18=CONTROL!$C$4),D18=CONTROL!$C$5),MAX($AH$4:AH17)+1,"") -> 11 | AI18: =IF(AH18="","",P18^2) -> 5809.9129
A19: =IF(B19="","",ROW()-4) -> 15 | B19: 45706 | C19: P1 | D19: Block 8" | F19: =IF(OR(B19="",C19="",D19=""),"",IFERROR(INDEX(CONFIG!$E$5:$E$14,MATCH(D19,CONFIG!$D$5:$D$14,0)),"?")&RIGHT("0"&DAY(B19),2)&RIGHT("0"&MONTH(B19),2)&RIGHT(YEAR(B19),2)&C19&IF(E19="","","-"&E19)) -> 8180225P1 | M19: =IF(F19="","",COUNTIFS(ENSAYOS!$C$5:$C$3004,F19,ENSAYOS!$Q$5:$Q$3004,">0")) -> 4 | N19: =IF(N(M19)=0,"",_xlfn.MINIFS(ENSAYOS!$G$5:$G$3004,ENSAYOS!$C$5:$C$3004,F19,ENSAYOS!$Q$5:$Q$3004,">0")) -> 3 | O19: =IF(N(M19)=0,"",_xlfn.MAXIFS(ENSAYOS!$G$5:$G$3004,ENSAYOS!$C$5:$C$3004,F19,ENSAYOS!$Q$5:$Q$3004,">0")) -> 3 | P19: =IF(N(M19)=0,"",AVERAGEIFS(ENSAYOS!$Q$5:$Q$3004,ENSAYOS!$C$5:$C$3004,F19,ENSAYOS!$Q$5:$Q$3004,">0")) -> 71.263875 | Q19: =IF(N(M19)=0,"",_xlfn.MINIFS(ENSAYOS!$Q$5:$Q$3004,ENSAYOS!$C$5:$C$3004,F19,ENSAYOS!$Q$5:$Q$3004,">0")) -> 64.206426 | R19: =IF(N(M19)=0,"",_xlfn.MAXIFS(ENSAYOS!$Q$5:$Q$3004,ENSAYOS!$C$5:$C$3004,F19,ENSAYOS!$Q$5:$Q$3004,">0")) -> 76.542681 | S19: =IF(N(M19)<2,"",SQRT(MAX(0,(SUMIFS(ENSAYOS!$X$5:$X$3004,ENSAYOS!$C$5:$C$3004,F19,ENSAYOS!$Q$5:$Q$3004,">0")-M19*P19^2)/(M19-1)))) -> 5.265148 | T19: =IF(S19="","",S19/P19) -> 0.073882426 | U19: =IF(N(M19)=0,"",IF(N19>=CONFIG!$B$27,"",AVERAGEIFS(ENSAYOS!$Q$5:$Q$3004,ENSAYOS!$C$5:$C$3004,F19,ENSAYOS!$Q$5:$Q$3004,">0",ENSAYOS!$G$5:$G$3004,N19))) -> 71.263875 | V19: =IF(N(M19)=0,"",IF(COUNTIFS(ENSAYOS!$C$5:$C$3004,F19,ENSAYOS!$Q$5:$Q$3004,">0",ENSAYOS!$G$5:$G$3004,">="&CONFIG!$B$27)=0,"",AVERAGEIFS(ENSAYOS!$Q$5:$Q$3004,ENSAYOS!$C$5:$C$3004,F19,ENSAYOS!$Q$5:$Q$3004,">0",ENSAYOS!$G$5:$G$3004,">="&CONFIG!$B$27))) | W19: =IF(AND(U19<>"",V19<>""),U19/V19,"") | X19: =IF(U19="","",INDEX('CURVA EDAD'!$E$5:$E$32,MIN(28,MAX(1,N19)))) -> 0.84 | Y19: =IF(V19<>"",V19,IF(U19="","",U19/X19)) -> 84.837947 | Z19: =IF(V19<>"",_xlfn.MINIFS(ENSAYOS!$Q$5:$Q$3004,ENSAYOS!$C$5:$C$3004,F19,ENSAYOS!$Q$5:$Q$3004,">0",ENSAYOS!$G$5:$G$3004,">="&CONFIG!$B$27),IF(U19="","",_xlfn.MINIFS(ENSAYOS!$Q$5:$Q$3004,ENSAYOS!$C$5:$C$3004,F19,ENSAYOS!$Q$5:$Q$3004,">0",ENSAYOS!$G$5:$G$3004,N19)/X19)) -> 76.436222 | AA19: =IF(D19="","",IFERROR(1/(1/INDEX(CONFIG!$J$5:$J$14,MATCH(D19,CONFIG!$D$5:$D$14,0))),"")) | AB19: =IF(D19="","",IFERROR(1/(1/INDEX(CONFIG!$K$5:$K$14,MATCH(D19,CONFIG!$D$5:$D$14,0))),"")) | AC19: =IF(N(M19)=0,"",IF(AA19="","Sin spec",IF(AND(Y19>=AA19,OR(AB19="",Z19>=AB19)),"CUMPLE","NO CUMPLE")&IF(V19=""," (est.)",""))) -> Sin spec | AD19: =IF(F19="","",IF(COUNTIFS(ABSORCION!$C$5:$C$1004,F19,ABSORCION!$I$5:$I$1004,">0")=0,"",AVERAGEIFS(ABSORCION!$I$5:$I$1004,ABSORCION!$C$5:$C$1004,F19,ABSORCION!$I$5:$I$1004,">0"))) | AE19: =IF(F19="","",IF(COUNTIFS(ABSORCION!$C$5:$C$1004,F19,ABSORCION!$I$5:$I$1004,">0")=0,"",AVERAGEIFS(ABSORCION!$K$5:$K$1004,ABSORCION!$C$5:$C$1004,F19,ABSORCION!$I$5:$I$1004,">0"))) | AF19: =IF(AE19="","",IF(AE19>=CONFIG!$E$21,CONFIG!$F$21,IF(AE19>=CONFIG!$E$20,CONFIG!$F$20,CONFIG!$F$19))) | AG19: =IF(F19="","",TRIM(IF(N(M19)=0,"Sin ensayos. ","")&IF(AND(N(M19)>0,N(M19)<CONFIG!$B$26),"Menos de "&CONFIG!$B$26&" probetas. ","")&IF(N(T19)>CONFIG!$B$25,"CV alto. ","")&IF(AND(N(AD19)>0,N(AD19)>N(AF19)),"Absorción alta. ",""))) | AH19: =IF(AND(N(M19)>0,OR(CONTROL!$C$4="TODAS",C19=CONTROL!$C$4),D19=CONTROL!$C$5),MAX($AH$4:AH18)+1,"") -> 12 | AI19: =IF(AH19="","",P19^2) -> 5078.5399
A20: =IF(B20="","",ROW()-4) -> 16 | B20: 45707 | C20: P1 | D20: Block 8" | F20: =IF(OR(B20="",C20="",D20=""),"",IFERROR(INDEX(CONFIG!$E$5:$E$14,MATCH(D20,CONFIG!$D$5:$D$14,0)),"?")&RIGHT("0"&DAY(B20),2)&RIGHT("0"&MONTH(B20),2)&RIGHT(YEAR(B20),2)&C20&IF(E20="","","-"&E20)) -> 8190225P1 | M20: =IF(F20="","",COUNTIFS(ENSAYOS!$C$5:$C$3004,F20,ENSAYOS!$Q$5:$Q$3004,">0")) -> 4 | N20: =IF(N(M20)=0,"",_xlfn.MINIFS(ENSAYOS!$G$5:$G$3004,ENSAYOS!$C$5:$C$3004,F20,ENSAYOS!$Q$5:$Q$3004,">0")) -> 9 | O20: =IF(N(M20)=0,"",_xlfn.MAXIFS(ENSAYOS!$G$5:$G$3004,ENSAYOS!$C$5:$C$3004,F20,ENSAYOS!$Q$5:$Q$3004,">0")) -> 9 | P20: =IF(N(M20)=0,"",AVERAGEIFS(ENSAYOS!$Q$5:$Q$3004,ENSAYOS!$C$5:$C$3004,F20,ENSAYOS!$Q$5:$Q$3004,">0")) -> 77.501461 | Q20: =IF(N(M20)=0,"",_xlfn.MINIFS(ENSAYOS!$Q$5:$Q$3004,ENSAYOS!$C$5:$C$3004,F20,ENSAYOS!$Q$5:$Q$3004,">0")) -> 69.535865 | R20: =IF(N(M20)=0,"",_xlfn.MAXIFS(ENSAYOS!$Q$5:$Q$3004,ENSAYOS!$C$5:$C$3004,F20,ENSAYOS!$Q$5:$Q$3004,">0")) -> 82.584875 | S20: =IF(N(M20)<2,"",SQRT(MAX(0,(SUMIFS(ENSAYOS!$X$5:$X$3004,ENSAYOS!$C$5:$C$3004,F20,ENSAYOS!$Q$5:$Q$3004,">0")-M20*P20^2)/(M20-1)))) -> 5.6504169 | T20: =IF(S20="","",S20/P20) -> 0.072907232 | U20: =IF(N(M20)=0,"",IF(N20>=CONFIG!$B$27,"",AVERAGEIFS(ENSAYOS!$Q$5:$Q$3004,ENSAYOS!$C$5:$C$3004,F20,ENSAYOS!$Q$5:$Q$3004,">0",ENSAYOS!$G$5:$G$3004,N20))) -> 77.501461 | V20: =IF(N(M20)=0,"",IF(COUNTIFS(ENSAYOS!$C$5:$C$3004,F20,ENSAYOS!$Q$5:$Q$3004,">0",ENSAYOS!$G$5:$G$3004,">="&CONFIG!$B$27)=0,"",AVERAGEIFS(ENSAYOS!$Q$5:$Q$3004,ENSAYOS!$C$5:$C$3004,F20,ENSAYOS!$Q$5:$Q$3004,">0",ENSAYOS!$G$5:$G$3004,">="&CONFIG!$B$27))) | W20: =IF(AND(U20<>"",V20<>""),U20/V20,"") | X20: =IF(U20="","",INDEX('CURVA EDAD'!$E$5:$E$32,MIN(28,MAX(1,N20)))) -> 0.924 | Y20: =IF(V20<>"",V20,IF(U20="","",U20/X20)) -> 83.87604 | Z20: =IF(V20<>"",_xlfn.MINIFS(ENSAYOS!$Q$5:$Q$3004,ENSAYOS!$C$5:$C$3004,F20,ENSAYOS!$Q$5:$Q$3004,">0",ENSAYOS!$G$5:$G$3004,">="&CONFIG!$B$27),IF(U20="","",_xlfn.MINIFS(ENSAYOS!$Q$5:$Q$3004,ENSAYOS!$C$5:$C$3004,F20,ENSAYOS!$Q$5:$Q$3004,">0",ENSAYOS!$G$5:$G$3004,N20)/X20)) -> 75.255265 | AA20: =IF(D20="","",IFERROR(1/(1/INDEX(CONFIG!$J$5:$J$14,MATCH(D20,CONFIG!$D$5:$D$14,0))),"")) | AB20: =IF(D20="","",IFERROR(1/(1/INDEX(CONFIG!$K$5:$K$14,MATCH(D20,CONFIG!$D$5:$D$14,0))),"")) | AC20: =IF(N(M20)=0,"",IF(AA20="","Sin spec",IF(AND(Y20>=AA20,OR(AB20="",Z20>=AB20)),"CUMPLE","NO CUMPLE")&IF(V20=""," (est.)",""))) -> Sin spec | AD20: =IF(F20="","",IF(COUNTIFS(ABSORCION!$C$5:$C$1004,F20,ABSORCION!$I$5:$I$1004,">0")=0,"",AVERAGEIFS(ABSORCION!$I$5:$I$1004,ABSORCION!$C$5:$C$1004,F20,ABSORCION!$I$5:$I$1004,">0"))) | AE20: =IF(F20="","",IF(COUNTIFS(ABSORCION!$C$5:$C$1004,F20,ABSORCION!$I$5:$I$1004,">0")=0,"",AVERAGEIFS(ABSORCION!$K$5:$K$1004,ABSORCION!$C$5:$C$1004,F20,ABSORCION!$I$5:$I$1004,">0"))) | AF20: =IF(AE20="","",IF(AE20>=CONFIG!$E$21,CONFIG!$F$21,IF(AE20>=CONFIG!$E$20,CONFIG!$F$20,CONFIG!$F$19))) | AG20: =IF(F20="","",TRIM(IF(N(M20)=0,"Sin ensayos. ","")&IF(AND(N(M20)>0,N(M20)<CONFIG!$B$26),"Menos de "&CONFIG!$B$26&" probetas. ","")&IF(N(T20)>CONFIG!$B$25,"CV alto. ","")&IF(AND(N(AD20)>0,N(AD20)>N(AF20)),"Absorción alta. ",""))) | AH20: =IF(AND(N(M20)>0,OR(CONTROL!$C$4="TODAS",C20=CONTROL!$C$4),D20=CONTROL!$C$5),MAX($AH$4:AH19)+1,"") -> 13 | AI20: =IF(AH20="","",P20^2) -> 6006.4764
A21: =IF(B21="","",ROW()-4) -> 17 | B21: 45709 | C21: P2 | D21: Block 6" | F21: =IF(OR(B21="",C21="",D21=""),"",IFERROR(INDEX(CONFIG!$E$5:$E$14,MATCH(D21,CONFIG!$D$5:$D$14,0)),"?")&RIGHT("0"&DAY(B21),2)&RIGHT("0"&MONTH(B21),2)&RIGHT(YEAR(B21),2)&C21&IF(E21="","","-"&E21)) -> 6210225P2 | M21: =IF(F21="","",COUNTIFS(ENSAYOS!$C$5:$C$3004,F21,ENSAYOS!$Q$5:$Q$3004,">0")) -> 4 | N21: =IF(N(M21)=0,"",_xlfn.MINIFS(ENSAYOS!$G$5:$G$3004,ENSAYOS!$C$5:$C$3004,F21,ENSAYOS!$Q$5:$Q$3004,">0")) -> 5 | O21: =IF(N(M21)=0,"",_xlfn.MAXIFS(ENSAYOS!$G$5:$G$3004,ENSAYOS!$C$5:$C$3004,F21,ENSAYOS!$Q$5:$Q$3004,">0")) -> 5 | P21: =IF(N(M21)=0,"",AVERAGEIFS(ENSAYOS!$Q$5:$Q$3004,ENSAYOS!$C$5:$C$3004,F21,ENSAYOS!$Q$5:$Q$3004,">0")) -> 65.030554 | Q21: =IF(N(M21)=0,"",_xlfn.MINIFS(ENSAYOS!$Q$5:$Q$3004,ENSAYOS!$C$5:$C$3004,F21,ENSAYOS!$Q$5:$Q$3004,">0")) -> 61.026626 | R21: =IF(N(M21)=0,"",_xlfn.MAXIFS(ENSAYOS!$Q$5:$Q$3004,ENSAYOS!$C$5:$C$3004,F21,ENSAYOS!$Q$5:$Q$3004,">0")) -> 74.664339 | S21: =IF(N(M21)<2,"",SQRT(MAX(0,(SUMIFS(ENSAYOS!$X$5:$X$3004,ENSAYOS!$C$5:$C$3004,F21,ENSAYOS!$Q$5:$Q$3004,">0")-M21*P21^2)/(M21-1)))) -> 6.4469342 | T21: =IF(S21="","",S21/P21) -> 0.099137003 | U21: =IF(N(M21)=0,"",IF(N21>=CONFIG!$B$27,"",AVERAGEIFS(ENSAYOS!$Q$5:$Q$3004,ENSAYOS!$C$5:$C$3004,F21,ENSAYOS!$Q$5:$Q$3004,">0",ENSAYOS!$G$5:$G$3004,N21))) -> 65.030554 | V21: =IF(N(M21)=0,"",IF(COUNTIFS(ENSAYOS!$C$5:$C$3004,F21,ENSAYOS!$Q$5:$Q$3004,">0",ENSAYOS!$G$5:$G$3004,">="&CONFIG!$B$27)=0,"",AVERAGEIFS(ENSAYOS!$Q$5:$Q$3004,ENSAYOS!$C$5:$C$3004,F21,ENSAYOS!$Q$5:$Q$3004,">0",ENSAYOS!$G$5:$G$3004,">="&CONFIG!$B$27))) | W21: =IF(AND(U21<>"",V21<>""),U21/V21,"") | X21: =IF(U21="","",INDEX('CURVA EDAD'!$E$5:$E$32,MIN(28,MAX(1,N21)))) -> 0.89 | Y21: =IF(V21<>"",V21,IF(U21="","",U21/X21)) -> 73.068039 | Z21: =IF(V21<>"",_xlfn.MINIFS(ENSAYOS!$Q$5:$Q$3004,ENSAYOS!$C$5:$C$3004,F21,ENSAYOS!$Q$5:$Q$3004,">0",ENSAYOS!$G$5:$G$3004,">="&CONFIG!$B$27),IF(U21="","",_xlfn.MINIFS(ENSAYOS!$Q$5:$Q$3004,ENSAYOS!$C$5:$C$3004,F21,ENSAYOS!$Q$5:$Q$3004,">0",ENSAYOS!$G$5:$G$3004,N21)/X21)) -> 68.569243 | AA21: =IF(D21="","",IFERROR(1/(1/INDEX(CONFIG!$J$5:$J$14,MATCH(D21,CONFIG!$D$5:$D$14,0))),"")) | AB21: =IF(D21="","",IFERROR(1/(1/INDEX(CONFIG!$K$5:$K$14,MATCH(D21,CONFIG!$D$5:$D$14,0))),"")) | AC21: =IF(N(M21)=0,"",IF(AA21="","Sin spec",IF(AND(Y21>=AA21,OR(AB21="",Z21>=AB21)),"CUMPLE","NO CUMPLE")&IF(V21=""," (est.)",""))) -> Sin spec | AD21: =IF(F21="","",IF(COUNTIFS(ABSORCION!$C$5:$C$1004,F21,ABSORCION!$I$5:$I$1004,">0")=0,"",AVERAGEIFS(ABSORCION!$I$5:$I$1004,ABSORCION!$C$5:$C$1004,F21,ABSORCION!$I$5:$I$1004,">0"))) | AE21: =IF(F21="","",IF(COUNTIFS(ABSORCION!$C$5:$C$1004,F21,ABSORCION!$I$5:$I$1004,">0")=0,"",AVERAGEIFS(ABSORCION!$K$5:$K$1004,ABSORCION!$C$5:$C$1004,F21,ABSORCION!$I$5:$I$1004,">0"))) | AF21: =IF(AE21="","",IF(AE21>=CONFIG!$E$21,CONFIG!$F$21,IF(AE21>=CONFIG!$E$20,CONFIG!$F$20,CONFIG!$F$19))) | AG21: =IF(F21="","",TRIM(IF(N(M21)=0,"Sin ensayos. ","")&IF(AND(N(M21)>0,N(M21)<CONFIG!$B$26),"Menos de "&CONFIG!$B$26&" probetas. ","")&IF(N(T21)>CONFIG!$B$25,"CV alto. ","")&IF(AND(N(AD21)>0,N(AD21)>N(AF21)),"Absorción alta. ",""))) | AH21: =IF(AND(N(M21)>0,OR(CONTROL!$C$4="TODAS",C21=CONTROL!$C$4),D21=CONTROL!$C$5),MAX($AH$4:AH20)+1,"") | AI21: =IF(AH21="","",P21^2)
A22: =IF(B22="","",ROW()-4) -> 18 | B22: 45712 | C22: P1 | D22: Block 8" | F22: =IF(OR(B22="",C22="",D22=""),"",IFERROR(INDEX(CONFIG!$E$5:$E$14,MATCH(D22,CONFIG!$D$5:$D$14,0)),"?")&RIGHT("0"&DAY(B22),2)&RIGHT("0"&MONTH(B22),2)&RIGHT(YEAR(B22),2)&C22&IF(E22="","","-"&E22)) -> 8240225P1 | M22: =IF(F22="","",COUNTIFS(ENSAYOS!$C$5:$C$3004,F22,ENSAYOS!$Q$5:$Q$3004,">0")) -> 4 | N22: =IF(N(M22)=0,"",_xlfn.MINIFS(ENSAYOS!$G$5:$G$3004,ENSAYOS!$C$5:$C$3004,F22,ENSAYOS!$Q$5:$Q$3004,">0")) -> 7 | O22: =IF(N(M22)=0,"",_xlfn.MAXIFS(ENSAYOS!$G$5:$G$3004,ENSAYOS!$C$5:$C$3004,F22,ENSAYOS!$Q$5:$Q$3004,">0")) -> 7 | P22: =IF(N(M22)=0,"",AVERAGEIFS(ENSAYOS!$Q$5:$Q$3004,ENSAYOS!$C$5:$C$3004,F22,ENSAYOS!$Q$5:$Q$3004,">0")) -> 76.778643 | Q22: =IF(N(M22)=0,"",_xlfn.MINIFS(ENSAYOS!$Q$5:$Q$3004,ENSAYOS!$C$5:$C$3004,F22,ENSAYOS!$Q$5:$Q$3004,">0")) -> 69.717624 | R22: =IF(N(M22)=0,"",_xlfn.MAXIFS(ENSAYOS!$Q$5:$Q$3004,ENSAYOS!$C$5:$C$3004,F22,ENSAYOS!$Q$5:$Q$3004,">0")) -> 81.036027 | S22: =IF(N(M22)<2,"",SQRT(MAX(0,(SUMIFS(ENSAYOS!$X$5:$X$3004,ENSAYOS!$C$5:$C$3004,F22,ENSAYOS!$Q$5:$Q$3004,">0")-M22*P22^2)/(M22-1)))) -> 4.9224589 | T22: =IF(S22="","",S22/P22) -> 0.064112346 | U22: =IF(N(M22)=0,"",IF(N22>=CONFIG!$B$27,"",AVERAGEIFS(ENSAYOS!$Q$5:$Q$3004,ENSAYOS!$C$5:$C$3004,F22,ENSAYOS!$Q$5:$Q$3004,">0",ENSAYOS!$G$5:$G$3004,N22))) -> 76.778643 | V22: =IF(N(M22)=0,"",IF(COUNTIFS(ENSAYOS!$C$5:$C$3004,F22,ENSAYOS!$Q$5:$Q$3004,">0",ENSAYOS!$G$5:$G$3004,">="&CONFIG!$B$27)=0,"",AVERAGEIFS(ENSAYOS!$Q$5:$Q$3004,ENSAYOS!$C$5:$C$3004,F22,ENSAYOS!$Q$5:$Q$3004,">0",ENSAYOS!$G$5:$G$3004,">="&CONFIG!$B$27))) | W22: =IF(AND(U22<>"",V22<>""),U22/V22,"") | X22: =IF(U22="","",INDEX('CURVA EDAD'!$E$5:$E$32,MIN(28,MAX(1,N22)))) -> 0.91 | Y22: =IF(V22<>"",V22,IF(U22="","",U22/X22)) -> 84.372135 | Z22: =IF(V22<>"",_xlfn.MINIFS(ENSAYOS!$Q$5:$Q$3004,ENSAYOS!$C$5:$C$3004,F22,ENSAYOS!$Q$5:$Q$3004,">0",ENSAYOS!$G$5:$G$3004,">="&CONFIG!$B$27),IF(U22="","",_xlfn.MINIFS(ENSAYOS!$Q$5:$Q$3004,ENSAYOS!$C$5:$C$3004,F22,ENSAYOS!$Q$5:$Q$3004,">0",ENSAYOS!$G$5:$G$3004,N22)/X22)) -> 76.612774 | AA22: =IF(D22="","",IFERROR(1/(1/INDEX(CONFIG!$J$5:$J$14,MATCH(D22,CONFIG!$D$5:$D$14,0))),"")) | AB22: =IF(D22="","",IFERROR(1/(1/INDEX(CONFIG!$K$5:$K$14,MATCH(D22,CONFIG!$D$5:$D$14,0))),"")) | AC22: =IF(N(M22)=0,"",IF(AA22="","Sin spec",IF(AND(Y22>=AA22,OR(AB22="",Z22>=AB22)),"CUMPLE","NO CUMPLE")&IF(V22=""," (est.)",""))) -> Sin spec | AD22: =IF(F22="","",IF(COUNTIFS(ABSORCION!$C$5:$C$1004,F22,ABSORCION!$I$5:$I$1004,">0")=0,"",AVERAGEIFS(ABSORCION!$I$5:$I$1004,ABSORCION!$C$5:$C$1004,F22,ABSORCION!$I$5:$I$1004,">0"))) | AE22: =IF(F22="","",IF(COUNTIFS(ABSORCION!$C$5:$C$1004,F22,ABSORCION!$I$5:$I$1004,">0")=0,"",AVERAGEIFS(ABSORCION!$K$5:$K$1004,ABSORCION!$C$5:$C$1004,F22,ABSORCION!$I$5:$I$1004,">0"))) | AF22: =IF(AE22="","",IF(AE22>=CONFIG!$E$21,CONFIG!$F$21,IF(AE22>=CONFIG!$E$20,CONFIG!$F$20,CONFIG!$F$19))) | AG22: =IF(F22="","",TRIM(IF(N(M22)=0,"Sin ensayos. ","")&IF(AND(N(M22)>0,N(M22)<CONFIG!$B$26),"Menos de "&CONFIG!$B$26&" probetas. ","")&IF(N(T22)>CONFIG!$B$25,"CV alto. ","")&IF(AND(N(AD22)>0,N(AD22)>N(AF22)),"Absorción alta. ",""))) | AH22: =IF(AND(N(M22)>0,OR(CONTROL!$C$4="TODAS",C22=CONTROL!$C$4),D22=CONTROL!$C$5),MAX($AH$4:AH21)+1,"") -> 14 | AI22: =IF(AH22="","",P22^2) -> 5894.9601
A23: =IF(B23="","",ROW()-4) -> 19 | B23: 45719 | C23: P1 | D23: Block 8" | F23: =IF(OR(B23="",C23="",D23=""),"",IFERROR(INDEX(CONFIG!$E$5:$E$14,MATCH(D23,CONFIG!$D$5:$D$14,0)),"?")&RIGHT("0"&DAY(B23),2)&RIGHT("0"&MONTH(B23),2)&RIGHT(YEAR(B23),2)&C23&IF(E23="","","-"&E23)) -> 8030325P1 | M23: =IF(F23="","",COUNTIFS(ENSAYOS!$C$5:$C$3004,F23,ENSAYOS!$Q$5:$Q$3004,">0")) -> 8 | N23: =IF(N(M23)=0,"",_xlfn.MINIFS(ENSAYOS!$G$5:$G$3004,ENSAYOS!$C$5:$C$3004,F23,ENSAYOS!$Q$5:$Q$3004,">0")) -> 4 | O23: =IF(N(M23)=0,"",_xlfn.MAXIFS(ENSAYOS!$G$5:$G$3004,ENSAYOS!$C$5:$C$3004,F23,ENSAYOS!$Q$5:$Q$3004,">0")) -> 7 | P23: =IF(N(M23)=0,"",AVERAGEIFS(ENSAYOS!$Q$5:$Q$3004,ENSAYOS!$C$5:$C$3004,F23,ENSAYOS!$Q$5:$Q$3004,">0")) -> 79.090068 | Q23: =IF(N(M23)=0,"",_xlfn.MINIFS(ENSAYOS!$Q$5:$Q$3004,ENSAYOS!$C$5:$C$3004,F23,ENSAYOS!$Q$5:$Q$3004,">0")) -> 69.635833 | R23: =IF(N(M23)=0,"",_xlfn.MAXIFS(ENSAYOS!$Q$5:$Q$3004,ENSAYOS!$C$5:$C$3004,F23,ENSAYOS!$Q$5:$Q$3004,">0")) -> 87.031483 | S23: =IF(N(M23)<2,"",SQRT(MAX(0,(SUMIFS(ENSAYOS!$X$5:$X$3004,ENSAYOS!$C$5:$C$3004,F23,ENSAYOS!$Q$5:$Q$3004,">0")-M23*P23^2)/(M23-1)))) -> 5.9406074 | T23: =IF(S23="","",S23/P23) -> 0.075111927 | U23: =IF(N(M23)=0,"",IF(N23>=CONFIG!$B$27,"",AVERAGEIFS(ENSAYOS!$Q$5:$Q$3004,ENSAYOS!$C$5:$C$3004,F23,ENSAYOS!$Q$5:$Q$3004,">0",ENSAYOS!$G$5:$G$3004,N23))) -> 77.264525 | V23: =IF(N(M23)=0,"",IF(COUNTIFS(ENSAYOS!$C$5:$C$3004,F23,ENSAYOS!$Q$5:$Q$3004,">0",ENSAYOS!$G$5:$G$3004,">="&CONFIG!$B$27)=0,"",AVERAGEIFS(ENSAYOS!$Q$5:$Q$3004,ENSAYOS!$C$5:$C$3004,F23,ENSAYOS!$Q$5:$Q$3004,">0",ENSAYOS!$G$5:$G$3004,">="&CONFIG!$B$27))) | W23: =IF(AND(U23<>"",V23<>""),U23/V23,"") | X23: =IF(U23="","",INDEX('CURVA EDAD'!$E$5:$E$32,MIN(28,MAX(1,N23)))) -> 0.87 | Y23: =IF(V23<>"",V23,IF(U23="","",U23/X23)) -> 88.809798 | Z23: =IF(V23<>"",_xlfn.MINIFS(ENSAYOS!$Q$5:$Q$3004,ENSAYOS!$C$5:$C$3004,F23,ENSAYOS!$Q$5:$Q$3004,">0",ENSAYOS!$G$5:$G$3004,">="&CONFIG!$B$27),IF(U23="","",_xlfn.MINIFS(ENSAYOS!$Q$5:$Q$3004,ENSAYOS!$C$5:$C$3004,F23,ENSAYOS!$Q$5:$Q$3004,">0",ENSAYOS!$G$5:$G$3004,N23)/X23)) -> 84.677687 | AA23: =IF(D23="","",IFERROR(1/(1/INDEX(CONFIG!$J$5:$J$14,MATCH(D23,CONFIG!$D$5:$D$14,0))),"")) | AB23: =IF(D23="","",IFERROR(1/(1/INDEX(CONFIG!$K$5:$K$14,MATCH(D23,CONFIG!$D$5:$D$14,0))),"")) | AC23: =IF(N(M23)=0,"",IF(AA23="","Sin spec",IF(AND(Y23>=AA23,OR(AB23="",Z23>=AB23)),"CUMPLE","NO CUMPLE")&IF(V23=""," (est.)",""))) -> Sin spec | AD23: =IF(F23="","",IF(COUNTIFS(ABSORCION!$C$5:$C$1004,F23,ABSORCION!$I$5:$I$1004,">0")=0,"",AVERAGEIFS(ABSORCION!$I$5:$I$1004,ABSORCION!$C$5:$C$1004,F23,ABSORCION!$I$5:$I$1004,">0"))) | AE23: =IF(F23="","",IF(COUNTIFS(ABSORCION!$C$5:$C$1004,F23,ABSORCION!$I$5:$I$1004,">0")=0,"",AVERAGEIFS(ABSORCION!$K$5:$K$1004,ABSORCION!$C$5:$C$1004,F23,ABSORCION!$I$5:$I$1004,">0"))) | AF23: =IF(AE23="","",IF(AE23>=CONFIG!$E$21,CONFIG!$F$21,IF(AE23>=CONFIG!$E$20,CONFIG!$F$20,CONFIG!$F$19))) | AG23: =IF(F23="","",TRIM(IF(N(M23)=0,"Sin ensayos. ","")&IF(AND(N(M23)>0,N(M23)<CONFIG!$B$26),"Menos de "&CONFIG!$B$26&" probetas. ","")&IF(N(T23)>CONFIG!$B$25,"CV alto. ","")&IF(AND(N(AD23)>0,N(AD23)>N(AF23)),"Absorción alta. ",""))) | AH23: =IF(AND(N(M23)>0,OR(CONTROL!$C$4="TODAS",C23=CONTROL!$C$4),D23=CONTROL!$C$5),MAX($AH$4:AH22)+1,"") -> 15 | AI23: =IF(AH23="","",P23^2) -> 6255.2389
A24: =IF(B24="","",ROW()-4) -> 20 | B24: 45723 | C24: P1 | D24: Block 8" | F24: =IF(OR(B24="",C24="",D24=""),"",IFERROR(INDEX(CONFIG!$E$5:$E$14,MATCH(D24,CONFIG!$D$5:$D$14,0)),"?")&RIGHT("0"&DAY(B24),2)&RIGHT("0"&MONTH(B24),2)&RIGHT(YEAR(B24),2)&C24&IF(E24="","","-"&E24)) -> 8070325P1 | M24: =IF(F24="","",COUNTIFS(ENSAYOS!$C$5:$C$3004,F24,ENSAYOS!$Q$5:$Q$3004,">0")) -> 8 | N24: =IF(N(M24)=0,"",_xlfn.MINIFS(ENSAYOS!$G$5:$G$3004,ENSAYOS!$C$5:$C$3004,F24,ENSAYOS!$Q$5:$Q$3004,">0")) -> 6 | O24: =IF(N(M24)=0,"",_xlfn.MAXIFS(ENSAYOS!$G$5:$G$3004,ENSAYOS!$C$5:$C$3004,F24,ENSAYOS!$Q$5:$Q$3004,">0")) -> 6 | P24: =IF(N(M24)=0,"",AVERAGEIFS(ENSAYOS!$Q$5:$Q$3004,ENSAYOS!$C$5:$C$3004,F24,ENSAYOS!$Q$5:$Q$3004,">0")) -> 74.419507 | Q24: =IF(N(M24)=0,"",_xlfn.MINIFS(ENSAYOS!$Q$5:$Q$3004,ENSAYOS!$C$5:$C$3004,F24,ENSAYOS!$Q$5:$Q$3004,">0")) -> 64.436222 | R24: =IF(N(M24)=0,"",_xlfn.MAXIFS(ENSAYOS!$Q$5:$Q$3004,ENSAYOS!$C$5:$C$3004,F24,ENSAYOS!$Q$5:$Q$3004,">0")) -> 82.09023 | S24: =IF(N(M24)<2,"",SQRT(MAX(0,(SUMIFS(ENSAYOS!$X$5:$X$3004,ENSAYOS!$C$5:$C$3004,F24,ENSAYOS!$Q$5:$Q$3004,">0")-M24*P24^2)/(M24-1)))) -> 6.9281697 | T24: =IF(S24="","",S24/P24) -> 0.093096152 | U24: =IF(N(M24)=0,"",IF(N24>=CONFIG!$B$27,"",AVERAGEIFS(ENSAYOS!$Q$5:$Q$3004,ENSAYOS!$C$5:$C$3004,F24,ENSAYOS!$Q$5:$Q$3004,">0",ENSAYOS!$G$5:$G$3004,N24))) -> 74.419507 | V24: =IF(N(M24)=0,"",IF(COUNTIFS(ENSAYOS!$C$5:$C$3004,F24,ENSAYOS!$Q$5:$Q$3004,">0",ENSAYOS!$G$5:$G$3004,">="&CONFIG!$B$27)=0,"",AVERAGEIFS(ENSAYOS!$Q$5:$Q$3004,ENSAYOS!$C$5:$C$3004,F24,ENSAYOS!$Q$5:$Q$3004,">0",ENSAYOS!$G$5:$G$3004,">="&CONFIG!$B$27))) | W24: =IF(AND(U24<>"",V24<>""),U24/V24,"") | X24: =IF(U24="","",INDEX('CURVA EDAD'!$E$5:$E$32,MIN(28,MAX(1,N24)))) -> 0.9 | Y24: =IF(V24<>"",V24,IF(U24="","",U24/X24)) -> 82.688341 | Z24: =IF(V24<>"",_xlfn.MINIFS(ENSAYOS!$Q$5:$Q$3004,ENSAYOS!$C$5:$C$3004,F24,ENSAYOS!$Q$5:$Q$3004,">0",ENSAYOS!$G$5:$G$3004,">="&CONFIG!$B$27),IF(U24="","",_xlfn.MINIFS(ENSAYOS!$Q$5:$Q$3004,ENSAYOS!$C$5:$C$3004,F24,ENSAYOS!$Q$5:$Q$3004,">0",ENSAYOS!$G$5:$G$3004,N24)/X24)) -> 71.595802 | AA24: =IF(D24="","",IFERROR(1/(1/INDEX(CONFIG!$J$5:$J$14,MATCH(D24,CONFIG!$D$5:$D$14,0))),"")) | AB24: =IF(D24="","",IFERROR(1/(1/INDEX(CONFIG!$K$5:$K$14,MATCH(D24,CONFIG!$D$5:$D$14,0))),"")) | AC24: =IF(N(M24)=0,"",IF(AA24="","Sin spec",IF(AND(Y24>=AA24,OR(AB24="",Z24>=AB24)),"CUMPLE","NO CUMPLE")&IF(V24=""," (est.)",""))) -> Sin spec | AD24: =IF(F24="","",IF(COUNTIFS(ABSORCION!$C$5:$C$1004,F24,ABSORCION!$I$5:$I$1004,">0")=0,"",AVERAGEIFS(ABSORCION!$I$5:$I$1004,ABSORCION!$C$5:$C$1004,F24,ABSORCION!$I$5:$I$1004,">0"))) | AE24: =IF(F24="","",IF(COUNTIFS(ABSORCION!$C$5:$C$1004,F24,ABSORCION!$I$5:$I$1004,">0")=0,"",AVERAGEIFS(ABSORCION!$K$5:$K$1004,ABSORCION!$C$5:$C$1004,F24,ABSORCION!$I$5:$I$1004,">0"))) | AF24: =IF(AE24="","",IF(AE24>=CONFIG!$E$21,CONFIG!$F$21,IF(AE24>=CONFIG!$E$20,CONFIG!$F$20,CONFIG!$F$19))) | AG24: =IF(F24="","",TRIM(IF(N(M24)=0,"Sin ensayos. ","")&IF(AND(N(M24)>0,N(M24)<CONFIG!$B$26),"Menos de "&CONFIG!$B$26&" probetas. ","")&IF(N(T24)>CONFIG!$B$25,"CV alto. ","")&IF(AND(N(AD24)>0,N(AD24)>N(AF24)),"Absorción alta. ",""))) | AH24: =IF(AND(N(M24)>0,OR(CONTROL!$C$4="TODAS",C24=CONTROL!$C$4),D24=CONTROL!$C$5),MAX($AH$4:AH23)+1,"") -> 16 | AI24: =IF(AH24="","",P24^2) -> 5538.263
A25: =IF(B25="","",ROW()-4) -> 21 | B25: 45730 | C25: P2 | D25: Block 6" | F25: =IF(OR(B25="",C25="",D25=""),"",IFERROR(INDEX(CONFIG!$E$5:$E$14,MATCH(D25,CONFIG!$D$5:$D$14,0)),"?")&RIGHT("0"&DAY(B25),2)&RIGHT("0"&MONTH(B25),2)&RIGHT(YEAR(B25),2)&C25&IF(E25="","","-"&E25)) -> 6140325P2 | M25: =IF(F25="","",COUNTIFS(ENSAYOS!$C$5:$C$3004,F25,ENSAYOS!$Q$5:$Q$3004,">0")) -> 4 | N25: =IF(N(M25)=0,"",_xlfn.MINIFS(ENSAYOS!$G$5:$G$3004,ENSAYOS!$C$5:$C$3004,F25,ENSAYOS!$Q$5:$Q$3004,">0")) -> 3 | O25: =IF(N(M25)=0,"",_xlfn.MAXIFS(ENSAYOS!$G$5:$G$3004,ENSAYOS!$C$5:$C$3004,F25,ENSAYOS!$Q$5:$Q$3004,">0")) -> 3 | P25: =IF(N(M25)=0,"",AVERAGEIFS(ENSAYOS!$Q$5:$Q$3004,ENSAYOS!$C$5:$C$3004,F25,ENSAYOS!$Q$5:$Q$3004,">0")) -> 69.952423 | Q25: =IF(N(M25)=0,"",_xlfn.MINIFS(ENSAYOS!$Q$5:$Q$3004,ENSAYOS!$C$5:$C$3004,F25,ENSAYOS!$Q$5:$Q$3004,">0")) -> 63.806198 | R25: =IF(N(M25)=0,"",_xlfn.MAXIFS(ENSAYOS!$Q$5:$Q$3004,ENSAYOS!$C$5:$C$3004,F25,ENSAYOS!$Q$5:$Q$3004,">0")) -> 73.658664 | S25: =IF(N(M25)<2,"",SQRT(MAX(0,(SUMIFS(ENSAYOS!$X$5:$X$3004,ENSAYOS!$C$5:$C$3004,F25,ENSAYOS!$Q$5:$Q$3004,">0")-M25*P25^2)/(M25-1)))) -> 4.3005484 | T25: =IF(S25="","",S25/P25) -> 0.061478191 | U25: =IF(N(M25)=0,"",IF(N25>=CONFIG!$B$27,"",AVERAGEIFS(ENSAYOS!$Q$5:$Q$3004,ENSAYOS!$C$5:$C$3004,F25,ENSAYOS!$Q$5:$Q$3004,">0",ENSAYOS!$G$5:$G$3004,N25))) -> 69.952423 | V25: =IF(N(M25)=0,"",IF(COUNTIFS(ENSAYOS!$C$5:$C$3004,F25,ENSAYOS!$Q$5:$Q$3004,">0",ENSAYOS!$G$5:$G$3004,">="&CONFIG!$B$27)=0,"",AVERAGEIFS(ENSAYOS!$Q$5:$Q$3004,ENSAYOS!$C$5:$C$3004,F25,ENSAYOS!$Q$5:$Q$3004,">0",ENSAYOS!$G$5:$G$3004,">="&CONFIG!$B$27))) | W25: =IF(AND(U25<>"",V25<>""),U25/V25,"") | X25: =IF(U25="","",INDEX('CURVA EDAD'!$E$5:$E$32,MIN(28,MAX(1,N25)))) -> 0.84 | Y25: =IF(V25<>"",V25,IF(U25="","",U25/X25)) -> 83.276693 | Z25: =IF(V25<>"",_xlfn.MINIFS(ENSAYOS!$Q$5:$Q$3004,ENSAYOS!$C$5:$C$3004,F25,ENSAYOS!$Q$5:$Q$3004,">0",ENSAYOS!$G$5:$G$3004,">="&CONFIG!$B$27),IF(U25="","",_xlfn.MINIFS(ENSAYOS!$Q$5:$Q$3004,ENSAYOS!$C$5:$C$3004,F25,ENSAYOS!$Q$5:$Q$3004,">0",ENSAYOS!$G$5:$G$3004,N25)/X25)) -> 75.95976 | AA25: =IF(D25="","",IFERROR(1/(1/INDEX(CONFIG!$J$5:$J$14,MATCH(D25,CONFIG!$D$5:$D$14,0))),"")) | AB25: =IF(D25="","",IFERROR(1/(1/INDEX(CONFIG!$K$5:$K$14,MATCH(D25,CONFIG!$D$5:$D$14,0))),"")) | AC25: =IF(N(M25)=0,"",IF(AA25="","Sin spec",IF(AND(Y25>=AA25,OR(AB25="",Z25>=AB25)),"CUMPLE","NO CUMPLE")&IF(V25=""," (est.)",""))) -> Sin spec | AD25: =IF(F25="","",IF(COUNTIFS(ABSORCION!$C$5:$C$1004,F25,ABSORCION!$I$5:$I$1004,">0")=0,"",AVERAGEIFS(ABSORCION!$I$5:$I$1004,ABSORCION!$C$5:$C$1004,F25,ABSORCION!$I$5:$I$1004,">0"))) | AE25: =IF(F25="","",IF(COUNTIFS(ABSORCION!$C$5:$C$1004,F25,ABSORCION!$I$5:$I$1004,">0")=0,"",AVERAGEIFS(ABSORCION!$K$5:$K$1004,ABSORCION!$C$5:$C$1004,F25,ABSORCION!$I$5:$I$1004,">0"))) | AF25: =IF(AE25="","",IF(AE25>=CONFIG!$E$21,CONFIG!$F$21,IF(AE25>=CONFIG!$E$20,CONFIG!$F$20,CONFIG!$F$19))) | AG25: =IF(F25="","",TRIM(IF(N(M25)=0,"Sin ensayos. ","")&IF(AND(N(M25)>0,N(M25)<CONFIG!$B$26),"Menos de "&CONFIG!$B$26&" probetas. ","")&IF(N(T25)>CONFIG!$B$25,"CV alto. ","")&IF(AND(N(AD25)>0,N(AD25)>N(AF25)),"Absorción alta. ",""))) | AH25: =IF(AND(N(M25)>0,OR(CONTROL!$C$4="TODAS",C25=CONTROL!$C$4),D25=CONTROL!$C$5),MAX($AH$4:AH24)+1,"") | AI25: =IF(AH25="","",P25^2)
A26: =IF(B26="","",ROW()-4) -> 22 | B26: 45730 | C26: P1 | D26: Block 8" | F26: =IF(OR(B26="",C26="",D26=""),"",IFERROR(INDEX(CONFIG!$E$5:$E$14,MATCH(D26,CONFIG!$D$5:$D$14,0)),"?")&RIGHT("0"&DAY(B26),2)&RIGHT("0"&MONTH(B26),2)&RIGHT(YEAR(B26),2)&C26&IF(E26="","","-"&E26)) -> 8140325P1 | M26: =IF(F26="","",COUNTIFS(ENSAYOS!$C$5:$C$3004,F26,ENSAYOS!$Q$5:$Q$3004,">0")) -> 4 | N26: =IF(N(M26)=0,"",_xlfn.MINIFS(ENSAYOS!$G$5:$G$3004,ENSAYOS!$C$5:$C$3004,F26,ENSAYOS!$Q$5:$Q$3004,">0")) -> 5 | O26: =IF(N(M26)=0,"",_xlfn.MAXIFS(ENSAYOS!$G$5:$G$3004,ENSAYOS!$C$5:$C$3004,F26,ENSAYOS!$Q$5:$Q$3004,">0")) -> 5 | P26: =IF(N(M26)=0,"",AVERAGEIFS(ENSAYOS!$Q$5:$Q$3004,ENSAYOS!$C$5:$C$3004,F26,ENSAYOS!$Q$5:$Q$3004,">0")) -> 75.554041 | Q26: =IF(N(M26)=0,"",_xlfn.MINIFS(ENSAYOS!$Q$5:$Q$3004,ENSAYOS!$C$5:$C$3004,F26,ENSAYOS!$Q$5:$Q$3004,">0")) -> 57.268419 | R26: =IF(N(M26)=0,"",_xlfn.MAXIFS(ENSAYOS!$Q$5:$Q$3004,ENSAYOS!$C$5:$C$3004,F26,ENSAYOS!$Q$5:$Q$3004,">0")) -> 84.888023 | S26: =IF(N(M26)<2,"",SQRT(MAX(0,(SUMIFS(ENSAYOS!$X$5:$X$3004,ENSAYOS!$C$5:$C$3004,F26,ENSAYOS!$Q$5:$Q$3004,">0")-M26*P26^2)/(M26-1)))) -> 12.517946 | T26: =IF(S26="","",S26/P26) -> 0.16568202 | U26: =IF(N(M26)=0,"",IF(N26>=CONFIG!$B$27,"",AVERAGEIFS(ENSAYOS!$Q$5:$Q$3004,ENSAYOS!$C$5:$C$3004,F26,ENSAYOS!$Q$5:$Q$3004,">0",ENSAYOS!$G$5:$G$3004,N26))) -> 75.554041 | V26: =IF(N(M26)=0,"",IF(COUNTIFS(ENSAYOS!$C$5:$C$3004,F26,ENSAYOS!$Q$5:$Q$3004,">0",ENSAYOS!$G$5:$G$3004,">="&CONFIG!$B$27)=0,"",AVERAGEIFS(ENSAYOS!$Q$5:$Q$3004,ENSAYOS!$C$5:$C$3004,F26,ENSAYOS!$Q$5:$Q$3004,">0",ENSAYOS!$G$5:$G$3004,">="&CONFIG!$B$27))) | W26: =IF(AND(U26<>"",V26<>""),U26/V26,"") | X26: =IF(U26="","",INDEX('CURVA EDAD'!$E$5:$E$32,MIN(28,MAX(1,N26)))) -> 0.89 | Y26: =IF(V26<>"",V26,IF(U26="","",U26/X26)) -> 84.892181 | Z26: =IF(V26<>"",_xlfn.MINIFS(ENSAYOS!$Q$5:$Q$3004,ENSAYOS!$C$5:$C$3004,F26,ENSAYOS!$Q$5:$Q$3004,">0",ENSAYOS!$G$5:$G$3004,">="&CONFIG!$B$27),IF(U26="","",_xlfn.MINIFS(ENSAYOS!$Q$5:$Q$3004,ENSAYOS!$C$5:$C$3004,F26,ENSAYOS!$Q$5:$Q$3004,">0",ENSAYOS!$G$5:$G$3004,N26)/X26)) -> 64.346539 | AA26: =IF(D26="","",IFERROR(1/(1/INDEX(CONFIG!$J$5:$J$14,MATCH(D26,CONFIG!$D$5:$D$14,0))),"")) | AB26: =IF(D26="","",IFERROR(1/(1/INDEX(CONFIG!$K$5:$K$14,MATCH(D26,CONFIG!$D$5:$D$14,0))),"")) | AC26: =IF(N(M26)=0,"",IF(AA26="","Sin spec",IF(AND(Y26>=AA26,OR(AB26="",Z26>=AB26)),"CUMPLE","NO CUMPLE")&IF(V26=""," (est.)",""))) -> Sin spec | AD26: =IF(F26="","",IF(COUNTIFS(ABSORCION!$C$5:$C$1004,F26,ABSORCION!$I$5:$I$1004,">0")=0,"",AVERAGEIFS(ABSORCION!$I$5:$I$1004,ABSORCION!$C$5:$C$1004,F26,ABSORCION!$I$5:$I$1004,">0"))) | AE26: =IF(F26="","",IF(COUNTIFS(ABSORCION!$C$5:$C$1004,F26,ABSORCION!$I$5:$I$1004,">0")=0,"",AVERAGEIFS(ABSORCION!$K$5:$K$1004,ABSORCION!$C$5:$C$1004,F26,ABSORCION!$I$5:$I$1004,">0"))) | AF26: =IF(AE26="","",IF(AE26>=CONFIG!$E$21,CONFIG!$F$21,IF(AE26>=CONFIG!$E$20,CONFIG!$F$20,CONFIG!$F$19))) | AG26: =IF(F26="","",TRIM(IF(N(M26)=0,"Sin ensayos. ","")&IF(AND(N(M26)>0,N(M26)<CONFIG!$B$26),"Menos de "&CONFIG!$B$26&" probetas. ","")&IF(N(T26)>CONFIG!$B$25,"CV alto. ","")&IF(AND(N(AD26)>0,N(AD26)>N(AF26)),"Absorción alta. ",""))) -> CV alto. | AH26: =IF(AND(N(M26)>0,OR(CONTROL!$C$4="TODAS",C26=CONTROL!$C$4),D26=CONTROL!$C$5),MAX($AH$4:AH25)+1,"") -> 17 | AI26: =IF(AH26="","",P26^2) -> 5708.4131
A27: =IF(B27="","",ROW()-4) -> 23 | B27: 45736 | C27: P2 | D27: Block 6" | F27: =IF(OR(B27="",C27="",D27=""),"",IFERROR(INDEX(CONFIG!$E$5:$E$14,MATCH(D27,CONFIG!$D$5:$D$14,0)),"?")&RIGHT("0"&DAY(B27),2)&RIGHT("0"&MONTH(B27),2)&RIGHT(YEAR(B27),2)&C27&IF(E27="","","-"&E27)) -> 6200325P2 | M27: =IF(F27="","",COUNTIFS(ENSAYOS!$C$5:$C$3004,F27,ENSAYOS!$Q$5:$Q$3004,">0")) -> 4 | N27: =IF(N(M27)=0,"",_xlfn.MINIFS(ENSAYOS!$G$5:$G$3004,ENSAYOS!$C$5:$C$3004,F27,ENSAYOS!$Q$5:$Q$3004,">0")) -> 2 | O27: =IF(N(M27)=0,"",_xlfn.MAXIFS(ENSAYOS!$G$5:$G$3004,ENSAYOS!$C$5:$C$3004,F27,ENSAYOS!$Q$5:$Q$3004,">0")) -> 2 | P27: =IF(N(M27)=0,"",AVERAGEIFS(ENSAYOS!$Q$5:$Q$3004,ENSAYOS!$C$5:$C$3004,F27,ENSAYOS!$Q$5:$Q$3004,">0")) -> 65.893933 | Q27: =IF(N(M27)=0,"",_xlfn.MINIFS(ENSAYOS!$Q$5:$Q$3004,ENSAYOS!$C$5:$C$3004,F27,ENSAYOS!$Q$5:$Q$3004,">0")) -> 60.385858 | R27: =IF(N(M27)=0,"",_xlfn.MAXIFS(ENSAYOS!$Q$5:$Q$3004,ENSAYOS!$C$5:$C$3004,F27,ENSAYOS!$Q$5:$Q$3004,">0")) -> 68.733304 | S27: =IF(N(M27)<2,"",SQRT(MAX(0,(SUMIFS(ENSAYOS!$X$5:$X$3004,ENSAYOS!$C$5:$C$3004,F27,ENSAYOS!$Q$5:$Q$3004,">0")-M27*P27^2)/(M27-1)))) -> 3.7889457 | T27: =IF(S27="","",S27/P27) -> 0.057500676 | U27: =IF(N(M27)=0,"",IF(N27>=CONFIG!$B$27,"",AVERAGEIFS(ENSAYOS!$Q$5:$Q$3004,ENSAYOS!$C$5:$C$3004,F27,ENSAYOS!$Q$5:$Q$3004,">0",ENSAYOS!$G$5:$G$3004,N27))) -> 65.893933 | V27: =IF(N(M27)=0,"",IF(COUNTIFS(ENSAYOS!$C$5:$C$3004,F27,ENSAYOS!$Q$5:$Q$3004,">0",ENSAYOS!$G$5:$G$3004,">="&CONFIG!$B$27)=0,"",AVERAGEIFS(ENSAYOS!$Q$5:$Q$3004,ENSAYOS!$C$5:$C$3004,F27,ENSAYOS!$Q$5:$Q$3004,">0",ENSAYOS!$G$5:$G$3004,">="&CONFIG!$B$27))) | W27: =IF(AND(U27<>"",V27<>""),U27/V27,"") | X27: =IF(U27="","",INDEX('CURVA EDAD'!$E$5:$E$32,MIN(28,MAX(1,N27)))) -> 0.77 | Y27: =IF(V27<>"",V27,IF(U27="","",U27/X27)) -> 85.576536 | Z27: =IF(V27<>"",_xlfn.MINIFS(ENSAYOS!$Q$5:$Q$3004,ENSAYOS!$C$5:$C$3004,F27,ENSAYOS!$Q$5:$Q$3004,">0",ENSAYOS!$G$5:$G$3004,">="&CONFIG!$B$27),IF(U27="","",_xlfn.MINIFS(ENSAYOS!$Q$5:$Q$3004,ENSAYOS!$C$5:$C$3004,F27,ENSAYOS!$Q$5:$Q$3004,">0",ENSAYOS!$G$5:$G$3004,N27)/X27)) -> 78.423192 | AA27: =IF(D27="","",IFERROR(1/(1/INDEX(CONFIG!$J$5:$J$14,MATCH(D27,CONFIG!$D$5:$D$14,0))),"")) | AB27: =IF(D27="","",IFERROR(1/(1/INDEX(CONFIG!$K$5:$K$14,MATCH(D27,CONFIG!$D$5:$D$14,0))),"")) | AC27: =IF(N(M27)=0,"",IF(AA27="","Sin spec",IF(AND(Y27>=AA27,OR(AB27="",Z27>=AB27)),"CUMPLE","NO CUMPLE")&IF(V27=""," (est.)",""))) -> Sin spec | AD27: =IF(F27="","",IF(COUNTIFS(ABSORCION!$C$5:$C$1004,F27,ABSORCION!$I$5:$I$1004,">0")=0,"",AVERAGEIFS(ABSORCION!$I$5:$I$1004,ABSORCION!$C$5:$C$1004,F27,ABSORCION!$I$5:$I$1004,">0"))) | AE27: =IF(F27="","",IF(COUNTIFS(ABSORCION!$C$5:$C$1004,F27,ABSORCION!$I$5:$I$1004,">0")=0,"",AVERAGEIFS(ABSORCION!$K$5:$K$1004,ABSORCION!$C$5:$C$1004,F27,ABSORCION!$I$5:$I$1004,">0"))) | AF27: =IF(AE27="","",IF(AE27>=CONFIG!$E$21,CONFIG!$F$21,IF(AE27>=CONFIG!$E$20,CONFIG!$F$20,CONFIG!$F$19))) | AG27: =IF(F27="","",TRIM(IF(N(M27)=0,"Sin ensayos. ","")&IF(AND(N(M27)>0,N(M27)<CONFIG!$B$26),"Menos de "&CONFIG!$B$26&" probetas. ","")&IF(N(T27)>CONFIG!$B$25,"CV alto. ","")&IF(AND(N(AD27)>0,N(AD27)>N(AF27)),"Absorción alta. ",""))) | AH27: =IF(AND(N(M27)>0,OR(CONTROL!$C$4="TODAS",C27=CONTROL!$C$4),D27=CONTROL!$C$5),MAX($AH$4:AH26)+1,"") | AI27: =IF(AH27="","",P27^2)
... A35: =IF(B35="","",ROW()-4) -> 31 | B35: 45778 | C35: P1 | D35: Block 8" | F35: =IF(OR(B35="",C35="",D35=""),"",IFERROR(INDEX(CONFIG!$E$5:$E$14,MATCH(D35,CONFIG!$D$5:$D$14,0)),"?")&RIGHT("0"&DAY(B35),2)&RIGHT("0"&MONTH(B35),2)&RIGHT(YEAR(B35),2)&C35&IF(E35="","","-"&E35)) -> 8010525P1 | M35: =IF(F35="","",COUNTIFS(ENSAYOS!$C$5:$C$3004,F35,ENSAYOS!$Q$5:$Q$3004,">0")) -> 4 | N35: =IF(N(M35)=0,"",_xlfn.MINIFS(ENSAYOS!$G$5:$G$3004,ENSAYOS!$C$5:$C$3004,F35,ENSAYOS!$Q$5:$Q$3004,">0")) -> 5 | O35: =IF(N(M35)=0,"",_xlfn.MAXIFS(ENSAYOS!$G$5:$G$3004,ENSAYOS!$C$5:$C$3004,F35,ENSAYOS!$Q$5:$Q$3004,">0")) -> 5 | P35: =IF(N(M35)=0,"",AVERAGEIFS(ENSAYOS!$Q$5:$Q$3004,ENSAYOS!$C$5:$C$3004,F35,ENSAYOS!$Q$5:$Q$3004,">0")) -> 72.627069 | Q35: =IF(N(M35)=0,"",_xlfn.MINIFS(ENSAYOS!$Q$5:$Q$3004,ENSAYOS!$C$5:$C$3004,F35,ENSAYOS!$Q$5:$Q$3004,">0")) -> 70.365466 | R35: =IF(N(M35)=0,"",_xlfn.MAXIFS(ENSAYOS!$Q$5:$Q$3004,ENSAYOS!$C$5:$C$3004,F35,ENSAYOS!$Q$5:$Q$3004,">0")) -> 76.425836 | S35: =IF(N(M35)<2,"",SQRT(MAX(0,(SUMIFS(ENSAYOS!$X$5:$X$3004,ENSAYOS!$C$5:$C$3004,F35,ENSAYOS!$Q$5:$Q$3004,">0")-M35*P35^2)/(M35-1)))) -> 2.6375473 | T35: =IF(S35="","",S35/P35) -> 0.036316312 | U35: =IF(N(M35)=0,"",IF(N35>=CONFIG!$B$27,"",AVERAGEIFS(ENSAYOS!$Q$5:$Q$3004,ENSAYOS!$C$5:$C$3004,F35,ENSAYOS!$Q$5:$Q$3004,">0",ENSAYOS!$G$5:$G$3004,N35))) -> 72.627069 | V35: =IF(N(M35)=0,"",IF(COUNTIFS(ENSAYOS!$C$5:$C$3004,F35,ENSAYOS!$Q$5:$Q$3004,">0",ENSAYOS!$G$5:$G$3004,">="&CONFIG!$B$27)=0,"",AVERAGEIFS(ENSAYOS!$Q$5:$Q$3004,ENSAYOS!$C$5:$C$3004,F35,ENSAYOS!$Q$5:$Q$3004,">0",ENSAYOS!$G$5:$G$3004,">="&CONFIG!$B$27))) | W35: =IF(AND(U35<>"",V35<>""),U35/V35,"") | X35: =IF(U35="","",INDEX('CURVA EDAD'!$E$5:$E$32,MIN(28,MAX(1,N35)))) -> 0.89 | Y35: =IF(V35<>"",V35,IF(U35="","",U35/X35)) -> 81.603448 | Z35: =IF(V35<>"",_xlfn.MINIFS(ENSAYOS!$Q$5:$Q$3004,ENSAYOS!$C$5:$C$3004,F35,ENSAYOS!$Q$5:$Q$3004,">0",ENSAYOS!$G$5:$G$3004,">="&CONFIG!$B$27),IF(U35="","",_xlfn.MINIFS(ENSAYOS!$Q$5:$Q$3004,ENSAYOS!$C$5:$C$3004,F35,ENSAYOS!$Q$5:$Q$3004,">0",ENSAYOS!$G$5:$G$3004,N35)/X35)) -> 79.062321 | AA35: =IF(D35="","",IFERROR(1/(1/INDEX(CONFIG!$J$5:$J$14,MATCH(D35,CONFIG!$D$5:$D$14,0))),"")) | AB35: =IF(D35="","",IFERROR(1/(1/INDEX(CONFIG!$K$5:$K$14,MATCH(D35,CONFIG!$D$5:$D$14,0))),"")) | AC35: =IF(N(M35)=0,"",IF(AA35="","Sin spec",IF(AND(Y35>=AA35,OR(AB35="",Z35>=AB35)),"CUMPLE","NO CUMPLE")&IF(V35=""," (est.)",""))) -> Sin spec | AD35: =IF(F35="","",IF(COUNTIFS(ABSORCION!$C$5:$C$1004,F35,ABSORCION!$I$5:$I$1004,">0")=0,"",AVERAGEIFS(ABSORCION!$I$5:$I$1004,ABSORCION!$C$5:$C$1004,F35,ABSORCION!$I$5:$I$1004,">0"))) | AE35: =IF(F35="","",IF(COUNTIFS(ABSORCION!$C$5:$C$1004,F35,ABSORCION!$I$5:$I$1004,">0")=0,"",AVERAGEIFS(ABSORCION!$K$5:$K$1004,ABSORCION!$C$5:$C$1004,F35,ABSORCION!$I$5:$I$1004,">0"))) | AF35: =IF(AE35="","",IF(AE35>=CONFIG!$E$21,CONFIG!$F$21,IF(AE35>=CONFIG!$E$20,CONFIG!$F$20,CONFIG!$F$19))) | AG35: =IF(F35="","",TRIM(IF(N(M35)=0,"Sin ensayos. ","")&IF(AND(N(M35)>0,N(M35)<CONFIG!$B$26),"Menos de "&CONFIG!$B$26&" probetas. ","")&IF(N(T35)>CONFIG!$B$25,"CV alto. ","")&IF(AND(N(AD35)>0,N(AD35)>N(AF35)),"Absorción alta. ",""))) | AH35: =IF(AND(N(M35)>0,OR(CONTROL!$C$4="TODAS",C35=CONTROL!$C$4),D35=CONTROL!$C$5),MAX($AH$4:AH34)+1,"") -> 24 | AI35: =IF(AH35="","",P35^2) -> 5274.6912
A36: =IF(B36="","",ROW()-4) -> 32 | B36: 45787 | C36: P1 | D36: Block 8" | F36: =IF(OR(B36="",C36="",D36=""),"",IFERROR(INDEX(CONFIG!$E$5:$E$14,MATCH(D36,CONFIG!$D$5:$D$14,0)),"?")&RIGHT("0"&DAY(B36),2)&RIGHT("0"&MONTH(B36),2)&RIGHT(YEAR(B36),2)&C36&IF(E36="","","-"&E36)) -> 8100525P1 | G36: 8100525B1 | M36: =IF(F36="","",COUNTIFS(ENSAYOS!$C$5:$C$3004,F36,ENSAYOS!$Q$5:$Q$3004,">0")) -> 4 | N36: =IF(N(M36)=0,"",_xlfn.MINIFS(ENSAYOS!$G$5:$G$3004,ENSAYOS!$C$5:$C$3004,F36,ENSAYOS!$Q$5:$Q$3004,">0")) -> 0 | O36: =IF(N(M36)=0,"",_xlfn.MAXIFS(ENSAYOS!$G$5:$G$3004,ENSAYOS!$C$5:$C$3004,F36,ENSAYOS!$Q$5:$Q$3004,">0")) -> 0 | P36: =IF(N(M36)=0,"",AVERAGEIFS(ENSAYOS!$Q$5:$Q$3004,ENSAYOS!$C$5:$C$3004,F36,ENSAYOS!$Q$5:$Q$3004,">0")) -> 63.83025 | Q36: =IF(N(M36)=0,"",_xlfn.MINIFS(ENSAYOS!$Q$5:$Q$3004,ENSAYOS!$C$5:$C$3004,F36,ENSAYOS!$Q$5:$Q$3004,">0")) -> 60.542681 | R36: =IF(N(M36)=0,"",_xlfn.MAXIFS(ENSAYOS!$Q$5:$Q$3004,ENSAYOS!$C$5:$C$3004,F36,ENSAYOS!$Q$5:$Q$3004,">0")) -> 66.83804 | S36: =IF(N(M36)<2,"",SQRT(MAX(0,(SUMIFS(ENSAYOS!$X$5:$X$3004,ENSAYOS!$C$5:$C$3004,F36,ENSAYOS!$Q$5:$Q$3004,">0")-M36*P36^2)/(M36-1)))) -> 3.3572428 | T36: =IF(S36="","",S36/P36) -> 0.052596423 | U36: =IF(N(M36)=0,"",IF(N36>=CONFIG!$B$27,"",AVERAGEIFS(ENSAYOS!$Q$5:$Q$3004,ENSAYOS!$C$5:$C$3004,F36,ENSAYOS!$Q$5:$Q$3004,">0",ENSAYOS!$G$5:$G$3004,N36))) -> 63.83025 | V36: =IF(N(M36)=0,"",IF(COUNTIFS(ENSAYOS!$C$5:$C$3004,F36,ENSAYOS!$Q$5:$Q$3004,">0",ENSAYOS!$G$5:$G$3004,">="&CONFIG!$B$27)=0,"",AVERAGEIFS(ENSAYOS!$Q$5:$Q$3004,ENSAYOS!$C$5:$C$3004,F36,ENSAYOS!$Q$5:$Q$3004,">0",ENSAYOS!$G$5:$G$3004,">="&CONFIG!$B$27))) | W36: =IF(AND(U36<>"",V36<>""),U36/V36,"") | X36: =IF(U36="","",INDEX('CURVA EDAD'!$E$5:$E$32,MIN(28,MAX(1,N36)))) -> 0.7 | Y36: =IF(V36<>"",V36,IF(U36="","",U36/X36)) -> 91.186071 | Z36: =IF(V36<>"",_xlfn.MINIFS(ENSAYOS!$Q$5:$Q$3004,ENSAYOS!$C$5:$C$3004,F36,ENSAYOS!$Q$5:$Q$3004,">0",ENSAYOS!$G$5:$G$3004,">="&CONFIG!$B$27),IF(U36="","",_xlfn.MINIFS(ENSAYOS!$Q$5:$Q$3004,ENSAYOS!$C$5:$C$3004,F36,ENSAYOS!$Q$5:$Q$3004,">0",ENSAYOS!$G$5:$G$3004,N36)/X36)) -> 86.489544 | AA36: =IF(D36="","",IFERROR(1/(1/INDEX(CONFIG!$J$5:$J$14,MATCH(D36,CONFIG!$D$5:$D$14,0))),"")) | AB36: =IF(D36="","",IFERROR(1/(1/INDEX(CONFIG!$K$5:$K$14,MATCH(D36,CONFIG!$D$5:$D$14,0))),"")) | AC36: =IF(N(M36)=0,"",IF(AA36="","Sin spec",IF(AND(Y36>=AA36,OR(AB36="",Z36>=AB36)),"CUMPLE","NO CUMPLE")&IF(V36=""," (est.)",""))) -> Sin spec | AD36: =IF(F36="","",IF(COUNTIFS(ABSORCION!$C$5:$C$1004,F36,ABSORCION!$I$5:$I$1004,">0")=0,"",AVERAGEIFS(ABSORCION!$I$5:$I$1004,ABSORCION!$C$5:$C$1004,F36,ABSORCION!$I$5:$I$1004,">0"))) | AE36: =IF(F36="","",IF(COUNTIFS(ABSORCION!$C$5:$C$1004,F36,ABSORCION!$I$5:$I$1004,">0")=0,"",AVERAGEIFS(ABSORCION!$K$5:$K$1004,ABSORCION!$C$5:$C$1004,F36,ABSORCION!$I$5:$I$1004,">0"))) | AF36: =IF(AE36="","",IF(AE36>=CONFIG!$E$21,CONFIG!$F$21,IF(AE36>=CONFIG!$E$20,CONFIG!$F$20,CONFIG!$F$19))) | AG36: =IF(F36="","",TRIM(IF(N(M36)=0,"Sin ensayos. ","")&IF(AND(N(M36)>0,N(M36)<CONFIG!$B$26),"Menos de "&CONFIG!$B$26&" probetas. ","")&IF(N(T36)>CONFIG!$B$25,"CV alto. ","")&IF(AND(N(AD36)>0,N(AD36)>N(AF36)),"Absorción alta. ",""))) | AH36: =IF(AND(N(M36)>0,OR(CONTROL!$C$4="TODAS",C36=CONTROL!$C$4),D36=CONTROL!$C$5),MAX($AH$4:AH35)+1,"") -> 25 | AI36: =IF(AH36="","",P36^2) -> 4074.3008
A37: =IF(B37="","",ROW()-4) -> 33 | B37: 45793 | C37: P1 | D37: Block 8" | F37: =IF(OR(B37="",C37="",D37=""),"",IFERROR(INDEX(CONFIG!$E$5:$E$14,MATCH(D37,CONFIG!$D$5:$D$14,0)),"?")&RIGHT("0"&DAY(B37),2)&RIGHT("0"&MONTH(B37),2)&RIGHT(YEAR(B37),2)&C37&IF(E37="","","-"&E37)) -> 8160525P1 | G37: 8160525B1 | M37: =IF(F37="","",COUNTIFS(ENSAYOS!$C$5:$C$3004,F37,ENSAYOS!$Q$5:$Q$3004,">0")) -> 4 | N37: =IF(N(M37)=0,"",_xlfn.MINIFS(ENSAYOS!$G$5:$G$3004,ENSAYOS!$C$5:$C$3004,F37,ENSAYOS!$Q$5:$Q$3004,">0")) -> 4 | O37: =IF(N(M37)=0,"",_xlfn.MAXIFS(ENSAYOS!$G$5:$G$3004,ENSAYOS!$C$5:$C$3004,F37,ENSAYOS!$Q$5:$Q$3004,">0")) -> 4 | P37: =IF(N(M37)=0,"",AVERAGEIFS(ENSAYOS!$Q$5:$Q$3004,ENSAYOS!$C$5:$C$3004,F37,ENSAYOS!$Q$5:$Q$3004,">0")) -> 70.675105 | Q37: =IF(N(M37)=0,"",_xlfn.MINIFS(ENSAYOS!$Q$5:$Q$3004,ENSAYOS!$C$5:$C$3004,F37,ENSAYOS!$Q$5:$Q$3004,">0")) -> 64.712756 | R37: =IF(N(M37)=0,"",_xlfn.MAXIFS(ENSAYOS!$Q$5:$Q$3004,ENSAYOS!$C$5:$C$3004,F37,ENSAYOS!$Q$5:$Q$3004,">0")) -> 76.337553 | S37: =IF(N(M37)<2,"",SQRT(MAX(0,(SUMIFS(ENSAYOS!$X$5:$X$3004,ENSAYOS!$C$5:$C$3004,F37,ENSAYOS!$Q$5:$Q$3004,">0")-M37*P37^2)/(M37-1)))) -> 4.8601272 | T37: =IF(S37="","",S37/P37) -> 0.068767174 | U37: =IF(N(M37)=0,"",IF(N37>=CONFIG!$B$27,"",AVERAGEIFS(ENSAYOS!$Q$5:$Q$3004,ENSAYOS!$C$5:$C$3004,F37,ENSAYOS!$Q$5:$Q$3004,">0",ENSAYOS!$G$5:$G$3004,N37))) -> 70.675105 | V37: =IF(N(M37)=0,"",IF(COUNTIFS(ENSAYOS!$C$5:$C$3004,F37,ENSAYOS!$Q$5:$Q$3004,">0",ENSAYOS!$G$5:$G$3004,">="&CONFIG!$B$27)=0,"",AVERAGEIFS(ENSAYOS!$Q$5:$Q$3004,ENSAYOS!$C$5:$C$3004,F37,ENSAYOS!$Q$5:$Q$3004,">0",ENSAYOS!$G$5:$G$3004,">="&CONFIG!$B$27))) | W37: =IF(AND(U37<>"",V37<>""),U37/V37,"") | X37: =IF(U37="","",INDEX('CURVA EDAD'!$E$5:$E$32,MIN(28,MAX(1,N37)))) -> 0.87 | Y37: =IF(V37<>"",V37,IF(U37="","",U37/X37)) -> 81.235753 | Z37: =IF(V37<>"",_xlfn.MINIFS(ENSAYOS!$Q$5:$Q$3004,ENSAYOS!$C$5:$C$3004,F37,ENSAYOS!$Q$5:$Q$3004,">0",ENSAYOS!$G$5:$G$3004,">="&CONFIG!$B$27),IF(U37="","",_xlfn.MINIFS(ENSAYOS!$Q$5:$Q$3004,ENSAYOS!$C$5:$C$3004,F37,ENSAYOS!$Q$5:$Q$3004,">0",ENSAYOS!$G$5:$G$3004,N37)/X37)) -> 74.382478 | AA37: =IF(D37="","",IFERROR(1/(1/INDEX(CONFIG!$J$5:$J$14,MATCH(D37,CONFIG!$D$5:$D$14,0))),"")) | AB37: =IF(D37="","",IFERROR(1/(1/INDEX(CONFIG!$K$5:$K$14,MATCH(D37,CONFIG!$D$5:$D$14,0))),"")) | AC37: =IF(N(M37)=0,"",IF(AA37="","Sin spec",IF(AND(Y37>=AA37,OR(AB37="",Z37>=AB37)),"CUMPLE","NO CUMPLE")&IF(V37=""," (est.)",""))) -> Sin spec | AD37: =IF(F37="","",IF(COUNTIFS(ABSORCION!$C$5:$C$1004,F37,ABSORCION!$I$5:$I$1004,">0")=0,"",AVERAGEIFS(ABSORCION!$I$5:$I$1004,ABSORCION!$C$5:$C$1004,F37,ABSORCION!$I$5:$I$1004,">0"))) | AE37: =IF(F37="","",IF(COUNTIFS(ABSORCION!$C$5:$C$1004,F37,ABSORCION!$I$5:$I$1004,">0")=0,"",AVERAGEIFS(ABSORCION!$K$5:$K$1004,ABSORCION!$C$5:$C$1004,F37,ABSORCION!$I$5:$I$1004,">0"))) | AF37: =IF(AE37="","",IF(AE37>=CONFIG!$E$21,CONFIG!$F$21,IF(AE37>=CONFIG!$E$20,CONFIG!$F$20,CONFIG!$F$19))) | AG37: =IF(F37="","",TRIM(IF(N(M37)=0,"Sin ensayos. ","")&IF(AND(N(M37)>0,N(M37)<CONFIG!$B$26),"Menos de "&CONFIG!$B$26&" probetas. ","")&IF(N(T37)>CONFIG!$B$25,"CV alto. ","")&IF(AND(N(AD37)>0,N(AD37)>N(AF37)),"Absorción alta. ",""))) | AH37: =IF(AND(N(M37)>0,OR(CONTROL!$C$4="TODAS",C37=CONTROL!$C$4),D37=CONTROL!$C$5),MAX($AH$4:AH36)+1,"") -> 26 | AI37: =IF(AH37="","",P37^2) -> 4994.9705
A38: =IF(B38="","",ROW()-4) -> 34 | B38: 45798 | C38: P2 | D38: Block 6" | F38: =IF(OR(B38="",C38="",D38=""),"",IFERROR(INDEX(CONFIG!$E$5:$E$14,MATCH(D38,CONFIG!$D$5:$D$14,0)),"?")&RIGHT("0"&DAY(B38),2)&RIGHT("0"&MONTH(B38),2)&RIGHT(YEAR(B38),2)&C38&IF(E38="","","-"&E38)) -> 6210525P2 | G38: 6210525B2 | M38: =IF(F38="","",COUNTIFS(ENSAYOS!$C$5:$C$3004,F38,ENSAYOS!$Q$5:$Q$3004,">0")) -> 4 | N38: =IF(N(M38)=0,"",_xlfn.MINIFS(ENSAYOS!$G$5:$G$3004,ENSAYOS!$C$5:$C$3004,F38,ENSAYOS!$Q$5:$Q$3004,">0")) -> 2 | O38: =IF(N(M38)=0,"",_xlfn.MAXIFS(ENSAYOS!$G$5:$G$3004,ENSAYOS!$C$5:$C$3004,F38,ENSAYOS!$Q$5:$Q$3004,">0")) -> 2 | P38: =IF(N(M38)=0,"",AVERAGEIFS(ENSAYOS!$Q$5:$Q$3004,ENSAYOS!$C$5:$C$3004,F38,ENSAYOS!$Q$5:$Q$3004,">0")) -> 68.920995 | Q38: =IF(N(M38)=0,"",_xlfn.MINIFS(ENSAYOS!$Q$5:$Q$3004,ENSAYOS!$C$5:$C$3004,F38,ENSAYOS!$Q$5:$Q$3004,">0")) -> 64.789175 | R38: =IF(N(M38)=0,"",_xlfn.MAXIFS(ENSAYOS!$Q$5:$Q$3004,ENSAYOS!$C$5:$C$3004,F38,ENSAYOS!$Q$5:$Q$3004,">0")) -> 70.838935 | S38: =IF(N(M38)<2,"",SQRT(MAX(0,(SUMIFS(ENSAYOS!$X$5:$X$3004,ENSAYOS!$C$5:$C$3004,F38,ENSAYOS!$Q$5:$Q$3004,">0")-M38*P38^2)/(M38-1)))) -> 2.7819578 | T38: =IF(S38="","",S38/P38) -> 0.040364447 | U38: =IF(N(M38)=0,"",IF(N38>=CONFIG!$B$27,"",AVERAGEIFS(ENSAYOS!$Q$5:$Q$3004,ENSAYOS!$C$5:$C$3004,F38,ENSAYOS!$Q$5:$Q$3004,">0",ENSAYOS!$G$5:$G$3004,N38))) -> 68.920995 | V38: =IF(N(M38)=0,"",IF(COUNTIFS(ENSAYOS!$C$5:$C$3004,F38,ENSAYOS!$Q$5:$Q$3004,">0",ENSAYOS!$G$5:$G$3004,">="&CONFIG!$B$27)=0,"",AVERAGEIFS(ENSAYOS!$Q$5:$Q$3004,ENSAYOS!$C$5:$C$3004,F38,ENSAYOS!$Q$5:$Q$3004,">0",ENSAYOS!$G$5:$G$3004,">="&CONFIG!$B$27))) | W38: =IF(AND(U38<>"",V38<>""),U38/V38,"") | X38: =IF(U38="","",INDEX('CURVA EDAD'!$E$5:$E$32,MIN(28,MAX(1,N38)))) -> 0.77 | Y38: =IF(V38<>"",V38,IF(U38="","",U38/X38)) -> 89.507786 | Z38: =IF(V38<>"",_xlfn.MINIFS(ENSAYOS!$Q$5:$Q$3004,ENSAYOS!$C$5:$C$3004,F38,ENSAYOS!$Q$5:$Q$3004,">0",ENSAYOS!$G$5:$G$3004,">="&CONFIG!$B$27),IF(U38="","",_xlfn.MINIFS(ENSAYOS!$Q$5:$Q$3004,ENSAYOS!$C$5:$C$3004,F38,ENSAYOS!$Q$5:$Q$3004,">0",ENSAYOS!$G$5:$G$3004,N38)/X38)) -> 84.141786 | AA38: =IF(D38="","",IFERROR(1/(1/INDEX(CONFIG!$J$5:$J$14,MATCH(D38,CONFIG!$D$5:$D$14,0))),"")) | AB38: =IF(D38="","",IFERROR(1/(1/INDEX(CONFIG!$K$5:$K$14,MATCH(D38,CONFIG!$D$5:$D$14,0))),"")) | AC38: =IF(N(M38)=0,"",IF(AA38="","Sin spec",IF(AND(Y38>=AA38,OR(AB38="",Z38>=AB38)),"CUMPLE","NO CUMPLE")&IF(V38=""," (est.)",""))) -> Sin spec | AD38: =IF(F38="","",IF(COUNTIFS(ABSORCION!$C$5:$C$1004,F38,ABSORCION!$I$5:$I$1004,">0")=0,"",AVERAGEIFS(ABSORCION!$I$5:$I$1004,ABSORCION!$C$5:$C$1004,F38,ABSORCION!$I$5:$I$1004,">0"))) | AE38: =IF(F38="","",IF(COUNTIFS(ABSORCION!$C$5:$C$1004,F38,ABSORCION!$I$5:$I$1004,">0")=0,"",AVERAGEIFS(ABSORCION!$K$5:$K$1004,ABSORCION!$C$5:$C$1004,F38,ABSORCION!$I$5:$I$1004,">0"))) | AF38: =IF(AE38="","",IF(AE38>=CONFIG!$E$21,CONFIG!$F$21,IF(AE38>=CONFIG!$E$20,CONFIG!$F$20,CONFIG!$F$19))) | AG38: =IF(F38="","",TRIM(IF(N(M38)=0,"Sin ensayos. ","")&IF(AND(N(M38)>0,N(M38)<CONFIG!$B$26),"Menos de "&CONFIG!$B$26&" probetas. ","")&IF(N(T38)>CONFIG!$B$25,"CV alto. ","")&IF(AND(N(AD38)>0,N(AD38)>N(AF38)),"Absorción alta. ",""))) | AH38: =IF(AND(N(M38)>0,OR(CONTROL!$C$4="TODAS",C38=CONTROL!$C$4),D38=CONTROL!$C$5),MAX($AH$4:AH37)+1,"") | AI38: =IF(AH38="","",P38^2)
A39: =IF(B39="","",ROW()-4) -> 35 | B39: 45798 | C39: P1 | D39: Block 8" | F39: =IF(OR(B39="",C39="",D39=""),"",IFERROR(INDEX(CONFIG!$E$5:$E$14,MATCH(D39,CONFIG!$D$5:$D$14,0)),"?")&RIGHT("0"&DAY(B39),2)&RIGHT("0"&MONTH(B39),2)&RIGHT(YEAR(B39),2)&C39&IF(E39="","","-"&E39)) -> 8210525P1 | G39: 8210525B1 | M39: =IF(F39="","",COUNTIFS(ENSAYOS!$C$5:$C$3004,F39,ENSAYOS!$Q$5:$Q$3004,">0")) -> 4 | N39: =IF(N(M39)=0,"",_xlfn.MINIFS(ENSAYOS!$G$5:$G$3004,ENSAYOS!$C$5:$C$3004,F39,ENSAYOS!$Q$5:$Q$3004,">0")) -> 2 | O39: =IF(N(M39)=0,"",_xlfn.MAXIFS(ENSAYOS!$G$5:$G$3004,ENSAYOS!$C$5:$C$3004,F39,ENSAYOS!$Q$5:$Q$3004,">0")) -> 2 | P39: =IF(N(M39)=0,"",AVERAGEIFS(ENSAYOS!$Q$5:$Q$3004,ENSAYOS!$C$5:$C$3004,F39,ENSAYOS!$Q$5:$Q$3004,">0")) -> 67.160662 | Q39: =IF(N(M39)=0,"",_xlfn.MINIFS(ENSAYOS!$Q$5:$Q$3004,ENSAYOS!$C$5:$C$3004,F39,ENSAYOS!$Q$5:$Q$3004,">0")) -> 60.00779 | R39: =IF(N(M39)=0,"",_xlfn.MAXIFS(ENSAYOS!$Q$5:$Q$3004,ENSAYOS!$C$5:$C$3004,F39,ENSAYOS!$Q$5:$Q$3004,">0")) -> 76.584226 | S39: =IF(N(M39)<2,"",SQRT(MAX(0,(SUMIFS(ENSAYOS!$X$5:$X$3004,ENSAYOS!$C$5:$C$3004,F39,ENSAYOS!$Q$5:$Q$3004,">0")-M39*P39^2)/(M39-1)))) -> 8.0015084 | T39: =IF(S39="","",S39/P39) -> 0.11913981 | U39: =IF(N(M39)=0,"",IF(N39>=CONFIG!$B$27,"",AVERAGEIFS(ENSAYOS!$Q$5:$Q$3004,ENSAYOS!$C$5:$C$3004,F39,ENSAYOS!$Q$5:$Q$3004,">0",ENSAYOS!$G$5:$G$3004,N39))) -> 67.160662 | V39: =IF(N(M39)=0,"",IF(COUNTIFS(ENSAYOS!$C$5:$C$3004,F39,ENSAYOS!$Q$5:$Q$3004,">0",ENSAYOS!$G$5:$G$3004,">="&CONFIG!$B$27)=0,"",AVERAGEIFS(ENSAYOS!$Q$5:$Q$3004,ENSAYOS!$C$5:$C$3004,F39,ENSAYOS!$Q$5:$Q$3004,">0",ENSAYOS!$G$5:$G$3004,">="&CONFIG!$B$27))) | W39: =IF(AND(U39<>"",V39<>""),U39/V39,"") | X39: =IF(U39="","",INDEX('CURVA EDAD'!$E$5:$E$32,MIN(28,MAX(1,N39)))) -> 0.77 | Y39: =IF(V39<>"",V39,IF(U39="","",U39/X39)) -> 87.221639 | Z39: =IF(V39<>"",_xlfn.MINIFS(ENSAYOS!$Q$5:$Q$3004,ENSAYOS!$C$5:$C$3004,F39,ENSAYOS!$Q$5:$Q$3004,">0",ENSAYOS!$G$5:$G$3004,">="&CONFIG!$B$27),IF(U39="","",_xlfn.MINIFS(ENSAYOS!$Q$5:$Q$3004,ENSAYOS!$C$5:$C$3004,F39,ENSAYOS!$Q$5:$Q$3004,">0",ENSAYOS!$G$5:$G$3004,N39)/X39)) -> 77.932194 | AA39: =IF(D39="","",IFERROR(1/(1/INDEX(CONFIG!$J$5:$J$14,MATCH(D39,CONFIG!$D$5:$D$14,0))),"")) | AB39: =IF(D39="","",IFERROR(1/(1/INDEX(CONFIG!$K$5:$K$14,MATCH(D39,CONFIG!$D$5:$D$14,0))),"")) | AC39: =IF(N(M39)=0,"",IF(AA39="","Sin spec",IF(AND(Y39>=AA39,OR(AB39="",Z39>=AB39)),"CUMPLE","NO CUMPLE")&IF(V39=""," (est.)",""))) -> Sin spec | AD39: =IF(F39="","",IF(COUNTIFS(ABSORCION!$C$5:$C$1004,F39,ABSORCION!$I$5:$I$1004,">0")=0,"",AVERAGEIFS(ABSORCION!$I$5:$I$1004,ABSORCION!$C$5:$C$1004,F39,ABSORCION!$I$5:$I$1004,">0"))) | AE39: =IF(F39="","",IF(COUNTIFS(ABSORCION!$C$5:$C$1004,F39,ABSORCION!$I$5:$I$1004,">0")=0,"",AVERAGEIFS(ABSORCION!$K$5:$K$1004,ABSORCION!$C$5:$C$1004,F39,ABSORCION!$I$5:$I$1004,">0"))) | AF39: =IF(AE39="","",IF(AE39>=CONFIG!$E$21,CONFIG!$F$21,IF(AE39>=CONFIG!$E$20,CONFIG!$F$20,CONFIG!$F$19))) | AG39: =IF(F39="","",TRIM(IF(N(M39)=0,"Sin ensayos. ","")&IF(AND(N(M39)>0,N(M39)<CONFIG!$B$26),"Menos de "&CONFIG!$B$26&" probetas. ","")&IF(N(T39)>CONFIG!$B$25,"CV alto. ","")&IF(AND(N(AD39)>0,N(AD39)>N(AF39)),"Absorción alta. ",""))) | AH39: =IF(AND(N(M39)>0,OR(CONTROL!$C$4="TODAS",C39=CONTROL!$C$4),D39=CONTROL!$C$5),MAX($AH$4:AH38)+1,"") -> 27 | AI39: =IF(AH39="","",P39^2) -> 4510.5545
A40: =IF(B40="","",ROW()-4) -> 36 | B40: 45799 | C40: P1 | D40: Block 8" | F40: =IF(OR(B40="",C40="",D40=""),"",IFERROR(INDEX(CONFIG!$E$5:$E$14,MATCH(D40,CONFIG!$D$5:$D$14,0)),"?")&RIGHT("0"&DAY(B40),2)&RIGHT("0"&MONTH(B40),2)&RIGHT(YEAR(B40),2)&C40&IF(E40="","","-"&E40)) -> 8220525P1 | G40: 8220525B1 | M40: =IF(F40="","",COUNTIFS(ENSAYOS!$C$5:$C$3004,F40,ENSAYOS!$Q$5:$Q$3004,">0")) -> 4 | N40: =IF(N(M40)=0,"",_xlfn.MINIFS(ENSAYOS!$G$5:$G$3004,ENSAYOS!$C$5:$C$3004,F40,ENSAYOS!$Q$5:$Q$3004,">0")) -> 2 | O40: =IF(N(M40)=0,"",_xlfn.MAXIFS(ENSAYOS!$G$5:$G$3004,ENSAYOS!$C$5:$C$3004,F40,ENSAYOS!$Q$5:$Q$3004,">0")) -> 2 | P40: =IF(N(M40)=0,"",AVERAGEIFS(ENSAYOS!$Q$5:$Q$3004,ENSAYOS!$C$5:$C$3004,F40,ENSAYOS!$Q$5:$Q$3004,">0")) -> 67.952937 | Q40: =IF(N(M40)=0,"",_xlfn.MINIFS(ENSAYOS!$Q$5:$Q$3004,ENSAYOS!$C$5:$C$3004,F40,ENSAYOS!$Q$5:$Q$3004,">0")) -> 56.109056 | R40: =IF(N(M40)=0,"",_xlfn.MAXIFS(ENSAYOS!$Q$5:$Q$3004,ENSAYOS!$C$5:$C$3004,F40,ENSAYOS!$Q$5:$Q$3004,">0")) -> 74.164232 | S40: =IF(N(M40)<2,"",SQRT(MAX(0,(SUMIFS(ENSAYOS!$X$5:$X$3004,ENSAYOS!$C$5:$C$3004,F40,ENSAYOS!$Q$5:$Q$3004,">0")-M40*P40^2)/(M40-1)))) -> 8.0642122 | T40: =IF(S40="","",S40/P40) -> 0.11867349 | U40: =IF(N(M40)=0,"",IF(N40>=CONFIG!$B$27,"",AVERAGEIFS(ENSAYOS!$Q$5:$Q$3004,ENSAYOS!$C$5:$C$3004,F40,ENSAYOS!$Q$5:$Q$3004,">0",ENSAYOS!$G$5:$G$3004,N40))) -> 67.952937 | V40: =IF(N(M40)=0,"",IF(COUNTIFS(ENSAYOS!$C$5:$C$3004,F40,ENSAYOS!$Q$5:$Q$3004,">0",ENSAYOS!$G$5:$G$3004,">="&CONFIG!$B$27)=0,"",AVERAGEIFS(ENSAYOS!$Q$5:$Q$3004,ENSAYOS!$C$5:$C$3004,F40,ENSAYOS!$Q$5:$Q$3004,">0",ENSAYOS!$G$5:$G$3004,">="&CONFIG!$B$27))) | W40: =IF(AND(U40<>"",V40<>""),U40/V40,"") | X40: =IF(U40="","",INDEX('CURVA EDAD'!$E$5:$E$32,MIN(28,MAX(1,N40)))) -> 0.77 | Y40: =IF(V40<>"",V40,IF(U40="","",U40/X40)) -> 88.250568 | Z40: =IF(V40<>"",_xlfn.MINIFS(ENSAYOS!$Q$5:$Q$3004,ENSAYOS!$C$5:$C$3004,F40,ENSAYOS!$Q$5:$Q$3004,">0",ENSAYOS!$G$5:$G$3004,">="&CONFIG!$B$27),IF(U40="","",_xlfn.MINIFS(ENSAYOS!$Q$5:$Q$3004,ENSAYOS!$C$5:$C$3004,F40,ENSAYOS!$Q$5:$Q$3004,">0",ENSAYOS!$G$5:$G$3004,N40)/X40)) -> 72.868903 | AA40: =IF(D40="","",IFERROR(1/(1/INDEX(CONFIG!$J$5:$J$14,MATCH(D40,CONFIG!$D$5:$D$14,0))),"")) | AB40: =IF(D40="","",IFERROR(1/(1/INDEX(CONFIG!$K$5:$K$14,MATCH(D40,CONFIG!$D$5:$D$14,0))),"")) | AC40: =IF(N(M40)=0,"",IF(AA40="","Sin spec",IF(AND(Y40>=AA40,OR(AB40="",Z40>=AB40)),"CUMPLE","NO CUMPLE")&IF(V40=""," (est.)",""))) -> Sin spec | AD40: =IF(F40="","",IF(COUNTIFS(ABSORCION!$C$5:$C$1004,F40,ABSORCION!$I$5:$I$1004,">0")=0,"",AVERAGEIFS(ABSORCION!$I$5:$I$1004,ABSORCION!$C$5:$C$1004,F40,ABSORCION!$I$5:$I$1004,">0"))) | AE40: =IF(F40="","",IF(COUNTIFS(ABSORCION!$C$5:$C$1004,F40,ABSORCION!$I$5:$I$1004,">0")=0,"",AVERAGEIFS(ABSORCION!$K$5:$K$1004,ABSORCION!$C$5:$C$1004,F40,ABSORCION!$I$5:$I$1004,">0"))) | AF40: =IF(AE40="","",IF(AE40>=CONFIG!$E$21,CONFIG!$F$21,IF(AE40>=CONFIG!$E$20,CONFIG!$F$20,CONFIG!$F$19))) | AG40: =IF(F40="","",TRIM(IF(N(M40)=0,"Sin ensayos. ","")&IF(AND(N(M40)>0,N(M40)<CONFIG!$B$26),"Menos de "&CONFIG!$B$26&" probetas. ","")&IF(N(T40)>CONFIG!$B$25,"CV alto. ","")&IF(AND(N(AD40)>0,N(AD40)>N(AF40)),"Absorción alta. ",""))) | AH40: =IF(AND(N(M40)>0,OR(CONTROL!$C$4="TODAS",C40=CONTROL!$C$4),D40=CONTROL!$C$5),MAX($AH$4:AH39)+1,"") -> 28 | AI40: =IF(AH40="","",P40^2) -> 4617.6017
A41: =IF(B41="","",ROW()-4) -> 37 | B41: 45801 | C41: P1 | D41: Block 8" | F41: =IF(OR(B41="",C41="",D41=""),"",IFERROR(INDEX(CONFIG!$E$5:$E$14,MATCH(D41,CONFIG!$D$5:$D$14,0)),"?")&RIGHT("0"&DAY(B41),2)&RIGHT("0"&MONTH(B41),2)&RIGHT(YEAR(B41),2)&C41&IF(E41="","","-"&E41)) -> 8240525P1 | G41: 8240525B1 | M41: =IF(F41="","",COUNTIFS(ENSAYOS!$C$5:$C$3004,F41,ENSAYOS!$Q$5:$Q$3004,">0")) -> 4 | N41: =IF(N(M41)=0,"",_xlfn.MINIFS(ENSAYOS!$G$5:$G$3004,ENSAYOS!$C$5:$C$3004,F41,ENSAYOS!$Q$5:$Q$3004,">0")) -> 3 | O41: =IF(N(M41)=0,"",_xlfn.MAXIFS(ENSAYOS!$G$5:$G$3004,ENSAYOS!$C$5:$C$3004,F41,ENSAYOS!$Q$5:$Q$3004,">0")) -> 3 | P41: =IF(N(M41)=0,"",AVERAGEIFS(ENSAYOS!$Q$5:$Q$3004,ENSAYOS!$C$5:$C$3004,F41,ENSAYOS!$Q$5:$Q$3004,">0")) -> 72.70172 | Q41: =IF(N(M41)=0,"",_xlfn.MINIFS(ENSAYOS!$Q$5:$Q$3004,ENSAYOS!$C$5:$C$3004,F41,ENSAYOS!$Q$5:$Q$3004,">0")) -> 69.081467 | R41: =IF(N(M41)=0,"",_xlfn.MAXIFS(ENSAYOS!$Q$5:$Q$3004,ENSAYOS!$C$5:$C$3004,F41,ENSAYOS!$Q$5:$Q$3004,">0")) -> 77.543655 | S41: =IF(N(M41)<2,"",SQRT(MAX(0,(SUMIFS(ENSAYOS!$X$5:$X$3004,ENSAYOS!$C$5:$C$3004,F41,ENSAYOS!$Q$5:$Q$3004,">0")-M41*P41^2)/(M41-1)))) -> 3.5259943 | T41: =IF(S41="","",S41/P41) -> 0.048499461 | U41: =IF(N(M41)=0,"",IF(N41>=CONFIG!$B$27,"",AVERAGEIFS(ENSAYOS!$Q$5:$Q$3004,ENSAYOS!$C$5:$C$3004,F41,ENSAYOS!$Q$5:$Q$3004,">0",ENSAYOS!$G$5:$G$3004,N41))) -> 72.70172 | V41: =IF(N(M41)=0,"",IF(COUNTIFS(ENSAYOS!$C$5:$C$3004,F41,ENSAYOS!$Q$5:$Q$3004,">0",ENSAYOS!$G$5:$G$3004,">="&CONFIG!$B$27)=0,"",AVERAGEIFS(ENSAYOS!$Q$5:$Q$3004,ENSAYOS!$C$5:$C$3004,F41,ENSAYOS!$Q$5:$Q$3004,">0",ENSAYOS!$G$5:$G$3004,">="&CONFIG!$B$27))) | W41: =IF(AND(U41<>"",V41<>""),U41/V41,"") | X41: =IF(U41="","",INDEX('CURVA EDAD'!$E$5:$E$32,MIN(28,MAX(1,N41)))) -> 0.84 | Y41: =IF(V41<>"",V41,IF(U41="","",U41/X41)) -> 86.549667 | Z41: =IF(V41<>"",_xlfn.MINIFS(ENSAYOS!$Q$5:$Q$3004,ENSAYOS!$C$5:$C$3004,F41,ENSAYOS!$Q$5:$Q$3004,">0",ENSAYOS!$G$5:$G$3004,">="&CONFIG!$B$27),IF(U41="","",_xlfn.MINIFS(ENSAYOS!$Q$5:$Q$3004,ENSAYOS!$C$5:$C$3004,F41,ENSAYOS!$Q$5:$Q$3004,">0",ENSAYOS!$G$5:$G$3004,N41)/X41)) -> 82.239842 | AA41: =IF(D41="","",IFERROR(1/(1/INDEX(CONFIG!$J$5:$J$14,MATCH(D41,CONFIG!$D$5:$D$14,0))),"")) | AB41: =IF(D41="","",IFERROR(1/(1/INDEX(CONFIG!$K$5:$K$14,MATCH(D41,CONFIG!$D$5:$D$14,0))),"")) | AC41: =IF(N(M41)=0,"",IF(AA41="","Sin spec",IF(AND(Y41>=AA41,OR(AB41="",Z41>=AB41)),"CUMPLE","NO CUMPLE")&IF(V41=""," (est.)",""))) -> Sin spec | AD41: =IF(F41="","",IF(COUNTIFS(ABSORCION!$C$5:$C$1004,F41,ABSORCION!$I$5:$I$1004,">0")=0,"",AVERAGEIFS(ABSORCION!$I$5:$I$1004,ABSORCION!$C$5:$C$1004,F41,ABSORCION!$I$5:$I$1004,">0"))) | AE41: =IF(F41="","",IF(COUNTIFS(ABSORCION!$C$5:$C$1004,F41,ABSORCION!$I$5:$I$1004,">0")=0,"",AVERAGEIFS(ABSORCION!$K$5:$K$1004,ABSORCION!$C$5:$C$1004,F41,ABSORCION!$I$5:$I$1004,">0"))) | AF41: =IF(AE41="","",IF(AE41>=CONFIG!$E$21,CONFIG!$F$21,IF(AE41>=CONFIG!$E$20,CONFIG!$F$20,CONFIG!$F$19))) | AG41: =IF(F41="","",TRIM(IF(N(M41)=0,"Sin ensayos. ","")&IF(AND(N(M41)>0,N(M41)<CONFIG!$B$26),"Menos de "&CONFIG!$B$26&" probetas. ","")&IF(N(T41)>CONFIG!$B$25,"CV alto. ","")&IF(AND(N(AD41)>0,N(AD41)>N(AF41)),"Absorción alta. ",""))) | AH41: =IF(AND(N(M41)>0,OR(CONTROL!$C$4="TODAS",C41=CONTROL!$C$4),D41=CONTROL!$C$5),MAX($AH$4:AH40)+1,"") -> 29 | AI41: =IF(AH41="","",P41^2) -> 5285.5401
A42: =IF(B42="","",ROW()-4) -> 38 | B42: 45806 | C42: P1 | D42: Block 8" | F42: =IF(OR(B42="",C42="",D42=""),"",IFERROR(INDEX(CONFIG!$E$5:$E$14,MATCH(D42,CONFIG!$D$5:$D$14,0)),"?")&RIGHT("0"&DAY(B42),2)&RIGHT("0"&MONTH(B42),2)&RIGHT(YEAR(B42),2)&C42&IF(E42="","","-"&E42)) -> 8290525P1 | G42: 8290525B1 | M42: =IF(F42="","",COUNTIFS(ENSAYOS!$C$5:$C$3004,F42,ENSAYOS!$Q$5:$Q$3004,">0")) -> 4 | N42: =IF(N(M42)=0,"",_xlfn.MINIFS(ENSAYOS!$G$5:$G$3004,ENSAYOS!$C$5:$C$3004,F42,ENSAYOS!$Q$5:$Q$3004,">0")) -> 2 | O42: =IF(N(M42)=0,"",_xlfn.MAXIFS(ENSAYOS!$G$5:$G$3004,ENSAYOS!$C$5:$C$3004,F42,ENSAYOS!$Q$5:$Q$3004,">0")) -> 2 | P42: =IF(N(M42)=0,"",AVERAGEIFS(ENSAYOS!$Q$5:$Q$3004,ENSAYOS!$C$5:$C$3004,F42,ENSAYOS!$Q$5:$Q$3004,">0")) -> 73.273612 | Q42: =IF(N(M42)=0,"",_xlfn.MINIFS(ENSAYOS!$Q$5:$Q$3004,ENSAYOS!$C$5:$C$3004,F42,ENSAYOS!$Q$5:$Q$3004,">0")) -> 66.296657 | R42: =IF(N(M42)=0,"",_xlfn.MAXIFS(ENSAYOS!$Q$5:$Q$3004,ENSAYOS!$C$5:$C$3004,F42,ENSAYOS!$Q$5:$Q$3004,">0")) -> 78.086336 | S42: =IF(N(M42)<2,"",SQRT(MAX(0,(SUMIFS(ENSAYOS!$X$5:$X$3004,ENSAYOS!$C$5:$C$3004,F42,ENSAYOS!$Q$5:$Q$3004,">0")-M42*P42^2)/(M42-1)))) -> 5.0707886 | T42: =IF(S42="","",S42/P42) -> 0.069203476 | U42: =IF(N(M42)=0,"",IF(N42>=CONFIG!$B$27,"",AVERAGEIFS(ENSAYOS!$Q$5:$Q$3004,ENSAYOS!$C$5:$C$3004,F42,ENSAYOS!$Q$5:$Q$3004,">0",ENSAYOS!$G$5:$G$3004,N42))) -> 73.273612 | V42: =IF(N(M42)=0,"",IF(COUNTIFS(ENSAYOS!$C$5:$C$3004,F42,ENSAYOS!$Q$5:$Q$3004,">0",ENSAYOS!$G$5:$G$3004,">="&CONFIG!$B$27)=0,"",AVERAGEIFS(ENSAYOS!$Q$5:$Q$3004,ENSAYOS!$C$5:$C$3004,F42,ENSAYOS!$Q$5:$Q$3004,">0",ENSAYOS!$G$5:$G$3004,">="&CONFIG!$B$27))) | W42: =IF(AND(U42<>"",V42<>""),U42/V42,"") | X42: =IF(U42="","",INDEX('CURVA EDAD'!$E$5:$E$32,MIN(28,MAX(1,N42)))) -> 0.77 | Y42: =IF(V42<>"",V42,IF(U42="","",U42/X42)) -> 95.160536 | Z42: =IF(V42<>"",_xlfn.MINIFS(ENSAYOS!$Q$5:$Q$3004,ENSAYOS!$C$5:$C$3004,F42,ENSAYOS!$Q$5:$Q$3004,">0",ENSAYOS!$G$5:$G$3004,">="&CONFIG!$B$27),IF(U42="","",_xlfn.MINIFS(ENSAYOS!$Q$5:$Q$3004,ENSAYOS!$C$5:$C$3004,F42,ENSAYOS!$Q$5:$Q$3004,">0",ENSAYOS!$G$5:$G$3004,N42)/X42)) -> 86.099554 | AA42: =IF(D42="","",IFERROR(1/(1/INDEX(CONFIG!$J$5:$J$14,MATCH(D42,CONFIG!$D$5:$D$14,0))),"")) | AB42: =IF(D42="","",IFERROR(1/(1/INDEX(CONFIG!$K$5:$K$14,MATCH(D42,CONFIG!$D$5:$D$14,0))),"")) | AC42: =IF(N(M42)=0,"",IF(AA42="","Sin spec",IF(AND(Y42>=AA42,OR(AB42="",Z42>=AB42)),"CUMPLE","NO CUMPLE")&IF(V42=""," (est.)",""))) -> Sin spec | AD42: =IF(F42="","",IF(COUNTIFS(ABSORCION!$C$5:$C$1004,F42,ABSORCION!$I$5:$I$1004,">0")=0,"",AVERAGEIFS(ABSORCION!$I$5:$I$1004,ABSORCION!$C$5:$C$1004,F42,ABSORCION!$I$5:$I$1004,">0"))) | AE42: =IF(F42="","",IF(COUNTIFS(ABSORCION!$C$5:$C$1004,F42,ABSORCION!$I$5:$I$1004,">0")=0,"",AVERAGEIFS(ABSORCION!$K$5:$K$1004,ABSORCION!$C$5:$C$1004,F42,ABSORCION!$I$5:$I$1004,">0"))) | AF42: =IF(AE42="","",IF(AE42>=CONFIG!$E$21,CONFIG!$F$21,IF(AE42>=CONFIG!$E$20,CONFIG!$F$20,CONFIG!$F$19))) | AG42: =IF(F42="","",TRIM(IF(N(M42)=0,"Sin ensayos. ","")&IF(AND(N(M42)>0,N(M42)<CONFIG!$B$26),"Menos de "&CONFIG!$B$26&" probetas. ","")&IF(N(T42)>CONFIG!$B$25,"CV alto. ","")&IF(AND(N(AD42)>0,N(AD42)>N(AF42)),"Absorción alta. ",""))) | AH42: =IF(AND(N(M42)>0,OR(CONTROL!$C$4="TODAS",C42=CONTROL!$C$4),D42=CONTROL!$C$5),MAX($AH$4:AH41)+1,"") -> 30 | AI42: =IF(AH42="","",P42^2) -> 5369.0223
A43: =IF(B43="","",ROW()-4) -> 39 | B43: 45813 | C43: P2 | D43: Block 8" | F43: =IF(OR(B43="",C43="",D43=""),"",IFERROR(INDEX(CONFIG!$E$5:$E$14,MATCH(D43,CONFIG!$D$5:$D$14,0)),"?")&RIGHT("0"&DAY(B43),2)&RIGHT("0"&MONTH(B43),2)&RIGHT(YEAR(B43),2)&C43&IF(E43="","","-"&E43)) -> 8050625P2 | G43: 8050625B2 | M43: =IF(F43="","",COUNTIFS(ENSAYOS!$C$5:$C$3004,F43,ENSAYOS!$Q$5:$Q$3004,">0")) -> 12 | N43: =IF(N(M43)=0,"",_xlfn.MINIFS(ENSAYOS!$G$5:$G$3004,ENSAYOS!$C$5:$C$3004,F43,ENSAYOS!$Q$5:$Q$3004,">0")) -> 0 | O43: =IF(N(M43)=0,"",_xlfn.MAXIFS(ENSAYOS!$G$5:$G$3004,ENSAYOS!$C$5:$C$3004,F43,ENSAYOS!$Q$5:$Q$3004,">0")) -> 2 | P43: =IF(N(M43)=0,"",AVERAGEIFS(ENSAYOS!$Q$5:$Q$3004,ENSAYOS!$C$5:$C$3004,F43,ENSAYOS!$Q$5:$Q$3004,">0")) -> 62.695878 | Q43: =IF(N(M43)=0,"",_xlfn.MINIFS(ENSAYOS!$Q$5:$Q$3004,ENSAYOS!$C$5:$C$3004,F43,ENSAYOS!$Q$5:$Q$3004,">0")) -> 58.499189 | R43: =IF(N(M43)=0,"",_xlfn.MAXIFS(ENSAYOS!$Q$5:$Q$3004,ENSAYOS!$C$5:$C$3004,F43,ENSAYOS!$Q$5:$Q$3004,">0")) -> 68.55826 | S43: =IF(N(M43)<2,"",SQRT(MAX(0,(SUMIFS(ENSAYOS!$X$5:$X$3004,ENSAYOS!$C$5:$C$3004,F43,ENSAYOS!$Q$5:$Q$3004,">0")-M43*P43^2)/(M43-1)))) -> 2.890008 | T43: =IF(S43="","",S43/P43) -> 0.046095663 | U43: =IF(N(M43)=0,"",IF(N43>=CONFIG!$B$27,"",AVERAGEIFS(ENSAYOS!$Q$5:$Q$3004,ENSAYOS!$C$5:$C$3004,F43,ENSAYOS!$Q$5:$Q$3004,">0",ENSAYOS!$G$5:$G$3004,N43))) -> 63.472898 | V43: =IF(N(M43)=0,"",IF(COUNTIFS(ENSAYOS!$C$5:$C$3004,F43,ENSAYOS!$Q$5:$Q$3004,">0",ENSAYOS!$G$5:$G$3004,">="&CONFIG!$B$27)=0,"",AVERAGEIFS(ENSAYOS!$Q$5:$Q$3004,ENSAYOS!$C$5:$C$3004,F43,ENSAYOS!$Q$5:$Q$3004,">0",ENSAYOS!$G$5:$G$3004,">="&CONFIG!$B$27))) | W43: =IF(AND(U43<>"",V43<>""),U43/V43,"") | X43: =IF(U43="","",INDEX('CURVA EDAD'!$E$5:$E$32,MIN(28,MAX(1,N43)))) -> 0.7 | Y43: =IF(V43<>"",V43,IF(U43="","",U43/X43)) -> 90.675569 | Z43: =IF(V43<>"",_xlfn.MINIFS(ENSAYOS!$Q$5:$Q$3004,ENSAYOS!$C$5:$C$3004,F43,ENSAYOS!$Q$5:$Q$3004,">0",ENSAYOS!$G$5:$G$3004,">="&CONFIG!$B$27),IF(U43="","",_xlfn.MINIFS(ENSAYOS!$Q$5:$Q$3004,ENSAYOS!$C$5:$C$3004,F43,ENSAYOS!$Q$5:$Q$3004,">0",ENSAYOS!$G$5:$G$3004,N43)/X43)) -> 83.570269 | AA43: =IF(D43="","",IFERROR(1/(1/INDEX(CONFIG!$J$5:$J$14,MATCH(D43,CONFIG!$D$5:$D$14,0))),"")) | AB43: =IF(D43="","",IFERROR(1/(1/INDEX(CONFIG!$K$5:$K$14,MATCH(D43,CONFIG!$D$5:$D$14,0))),"")) | AC43: =IF(N(M43)=0,"",IF(AA43="","Sin spec",IF(AND(Y43>=AA43,OR(AB43="",Z43>=AB43)),"CUMPLE","NO CUMPLE")&IF(V43=""," (est.)",""))) -> Sin spec | AD43: =IF(F43="","",IF(COUNTIFS(ABSORCION!$C$5:$C$1004,F43,ABSORCION!$I$5:$I$1004,">0")=0,"",AVERAGEIFS(ABSORCION!$I$5:$I$1004,ABSORCION!$C$5:$C$1004,F43,ABSORCION!$I$5:$I$1004,">0"))) | AE43: =IF(F43="","",IF(COUNTIFS(ABSORCION!$C$5:$C$1004,F43,ABSORCION!$I$5:$I$1004,">0")=0,"",AVERAGEIFS(ABSORCION!$K$5:$K$1004,ABSORCION!$C$5:$C$1004,F43,ABSORCION!$I$5:$I$1004,">0"))) | AF43: =IF(AE43="","",IF(AE43>=CONFIG!$E$21,CONFIG!$F$21,IF(AE43>=CONFIG!$E$20,CONFIG!$F$20,CONFIG!$F$19))) | AG43: =IF(F43="","",TRIM(IF(N(M43)=0,"Sin ensayos. ","")&IF(AND(N(M43)>0,N(M43)<CONFIG!$B$26),"Menos de "&CONFIG!$B$26&" probetas. ","")&IF(N(T43)>CONFIG!$B$25,"CV alto. ","")&IF(AND(N(AD43)>0,N(AD43)>N(AF43)),"Absorción alta. ",""))) | AH43: =IF(AND(N(M43)>0,OR(CONTROL!$C$4="TODAS",C43=CONTROL!$C$4),D43=CONTROL!$C$5),MAX($AH$4:AH42)+1,"") -> 31 | AI43: =IF(AH43="","",P43^2) -> 3930.7731
A44: =IF(B44="","",ROW()-4) -> 40 | B44: 45815 | C44: P2 | D44: Block 8" | F44: =IF(OR(B44="",C44="",D44=""),"",IFERROR(INDEX(CONFIG!$E$5:$E$14,MATCH(D44,CONFIG!$D$5:$D$14,0)),"?")&RIGHT("0"&DAY(B44),2)&RIGHT("0"&MONTH(B44),2)&RIGHT(YEAR(B44),2)&C44&IF(E44="","","-"&E44)) -> 8070625P2 | G44: 8070625B2 | M44: =IF(F44="","",COUNTIFS(ENSAYOS!$C$5:$C$3004,F44,ENSAYOS!$Q$5:$Q$3004,">0")) -> 4 | N44: =IF(N(M44)=0,"",_xlfn.MINIFS(ENSAYOS!$G$5:$G$3004,ENSAYOS!$C$5:$C$3004,F44,ENSAYOS!$Q$5:$Q$3004,">0")) -> 3 | O44: =IF(N(M44)=0,"",_xlfn.MAXIFS(ENSAYOS!$G$5:$G$3004,ENSAYOS!$C$5:$C$3004,F44,ENSAYOS!$Q$5:$Q$3004,">0")) -> 3 | P44: =IF(N(M44)=0,"",AVERAGEIFS(ENSAYOS!$Q$5:$Q$3004,ENSAYOS!$C$5:$C$3004,F44,ENSAYOS!$Q$5:$Q$3004,">0")) -> 68.655307 | Q44: =IF(N(M44)=0,"",_xlfn.MINIFS(ENSAYOS!$Q$5:$Q$3004,ENSAYOS!$C$5:$C$3004,F44,ENSAYOS!$Q$5:$Q$3004,">0")) -> 61.461863 | R44: =IF(N(M44)=0,"",_xlfn.MAXIFS(ENSAYOS!$Q$5:$Q$3004,ENSAYOS!$C$5:$C$3004,F44,ENSAYOS!$Q$5:$Q$3004,">0")) -> 73.063291 | S44: =IF(N(M44)<2,"",SQRT(MAX(0,(SUMIFS(ENSAYOS!$X$5:$X$3004,ENSAYOS!$C$5:$C$3004,F44,ENSAYOS!$Q$5:$Q$3004,">0")-M44*P44^2)/(M44-1)))) -> 5.0177421 | T44: =IF(S44="","",S44/P44) -> 0.073086004 | U44: =IF(N(M44)=0,"",IF(N44>=CONFIG!$B$27,"",AVERAGEIFS(ENSAYOS!$Q$5:$Q$3004,ENSAYOS!$C$5:$C$3004,F44,ENSAYOS!$Q$5:$Q$3004,">0",ENSAYOS!$G$5:$G$3004,N44))) -> 68.655307 | V44: =IF(N(M44)=0,"",IF(COUNTIFS(ENSAYOS!$C$5:$C$3004,F44,ENSAYOS!$Q$5:$Q$3004,">0",ENSAYOS!$G$5:$G$3004,">="&CONFIG!$B$27)=0,"",AVERAGEIFS(ENSAYOS!$Q$5:$Q$3004,ENSAYOS!$C$5:$C$3004,F44,ENSAYOS!$Q$5:$Q$3004,">0",ENSAYOS!$G$5:$G$3004,">="&CONFIG!$B$27))) | W44: =IF(AND(U44<>"",V44<>""),U44/V44,"") | X44: =IF(U44="","",INDEX('CURVA EDAD'!$E$5:$E$32,MIN(28,MAX(1,N44)))) -> 0.84 | Y44: =IF(V44<>"",V44,IF(U44="","",U44/X44)) -> 81.732508 | Z44: =IF(V44<>"",_xlfn.MINIFS(ENSAYOS!$Q$5:$Q$3004,ENSAYOS!$C$5:$C$3004,F44,ENSAYOS!$Q$5:$Q$3004,">0",ENSAYOS!$G$5:$G$3004,">="&CONFIG!$B$27),IF(U44="","",_xlfn.MINIFS(ENSAYOS!$Q$5:$Q$3004,ENSAYOS!$C$5:$C$3004,F44,ENSAYOS!$Q$5:$Q$3004,">0",ENSAYOS!$G$5:$G$3004,N44)/X44)) -> 73.168885 | AA44: =IF(D44="","",IFERROR(1/(1/INDEX(CONFIG!$J$5:$J$14,MATCH(D44,CONFIG!$D$5:$D$14,0))),"")) | AB44: =IF(D44="","",IFERROR(1/(1/INDEX(CONFIG!$K$5:$K$14,MATCH(D44,CONFIG!$D$5:$D$14,0))),"")) | AC44: =IF(N(M44)=0,"",IF(AA44="","Sin spec",IF(AND(Y44>=AA44,OR(AB44="",Z44>=AB44)),"CUMPLE","NO CUMPLE")&IF(V44=""," (est.)",""))) -> Sin spec | AD44: =IF(F44="","",IF(COUNTIFS(ABSORCION!$C$5:$C$1004,F44,ABSORCION!$I$5:$I$1004,">0")=0,"",AVERAGEIFS(ABSORCION!$I$5:$I$1004,ABSORCION!$C$5:$C$1004,F44,ABSORCION!$I$5:$I$1004,">0"))) | AE44: =IF(F44="","",IF(COUNTIFS(ABSORCION!$C$5:$C$1004,F44,ABSORCION!$I$5:$I$1004,">0")=0,"",AVERAGEIFS(ABSORCION!$K$5:$K$1004,ABSORCION!$C$5:$C$1004,F44,ABSORCION!$I$5:$I$1004,">0"))) | AF44: =IF(AE44="","",IF(AE44>=CONFIG!$E$21,CONFIG!$F$21,IF(AE44>=CONFIG!$E$20,CONFIG!$F$20,CONFIG!$F$19))) | AG44: =IF(F44="","",TRIM(IF(N(M44)=0,"Sin ensayos. ","")&IF(AND(N(M44)>0,N(M44)<CONFIG!$B$26),"Menos de "&CONFIG!$B$26&" probetas. ","")&IF(N(T44)>CONFIG!$B$25,"CV alto. ","")&IF(AND(N(AD44)>0,N(AD44)>N(AF44)),"Absorción alta. ",""))) | AH44: =IF(AND(N(M44)>0,OR(CONTROL!$C$4="TODAS",C44=CONTROL!$C$4),D44=CONTROL!$C$5),MAX($AH$4:AH43)+1,"") -> 32 | AI44: =IF(AH44="","",P44^2) -> 4713.5511
A45: =IF(B45="","",ROW()-4) -> 41 | B45: 45954 | C45: P3 | D45: Block 6" | F45: =IF(OR(B45="",C45="",D45=""),"",IFERROR(INDEX(CONFIG!$E$5:$E$14,MATCH(D45,CONFIG!$D$5:$D$14,0)),"?")&RIGHT("0"&DAY(B45),2)&RIGHT("0"&MONTH(B45),2)&RIGHT(YEAR(B45),2)&C45&IF(E45="","","-"&E45)) -> 6241025P3 | G45: 6241025B3 | M45: =IF(F45="","",COUNTIFS(ENSAYOS!$C$5:$C$3004,F45,ENSAYOS!$Q$5:$Q$3004,">0")) -> 4 | N45: =IF(N(M45)=0,"",_xlfn.MINIFS(ENSAYOS!$G$5:$G$3004,ENSAYOS!$C$5:$C$3004,F45,ENSAYOS!$Q$5:$Q$3004,">0")) -> 3 | O45: =IF(N(M45)=0,"",_xlfn.MAXIFS(ENSAYOS!$G$5:$G$3004,ENSAYOS!$C$5:$C$3004,F45,ENSAYOS!$Q$5:$Q$3004,">0")) -> 3 | P45: =IF(N(M45)=0,"",AVERAGEIFS(ENSAYOS!$Q$5:$Q$3004,ENSAYOS!$C$5:$C$3004,F45,ENSAYOS!$Q$5:$Q$3004,">0")) -> 88.022698 | Q45: =IF(N(M45)=0,"",_xlfn.MINIFS(ENSAYOS!$Q$5:$Q$3004,ENSAYOS!$C$5:$C$3004,F45,ENSAYOS!$Q$5:$Q$3004,">0")) -> 69.65168 | R45: =IF(N(M45)=0,"",_xlfn.MAXIFS(ENSAYOS!$Q$5:$Q$3004,ENSAYOS!$C$5:$C$3004,F45,ENSAYOS!$Q$5:$Q$3004,">0")) -> 98.961152 | S45: =IF(N(M45)<2,"",SQRT(MAX(0,(SUMIFS(ENSAYOS!$X$5:$X$3004,ENSAYOS!$C$5:$C$3004,F45,ENSAYOS!$Q$5:$Q$3004,">0")-M45*P45^2)/(M45-1)))) -> 12.726899 | T45: =IF(S45="","",S45/P45) -> 0.14458656 | U45: =IF(N(M45)=0,"",IF(N45>=CONFIG!$B$27,"",AVERAGEIFS(ENSAYOS!$Q$5:$Q$3004,ENSAYOS!$C$5:$C$3004,F45,ENSAYOS!$Q$5:$Q$3004,">0",ENSAYOS!$G$5:$G$3004,N45))) -> 88.022698 | V45: =IF(N(M45)=0,"",IF(COUNTIFS(ENSAYOS!$C$5:$C$3004,F45,ENSAYOS!$Q$5:$Q$3004,">0",ENSAYOS!$G$5:$G$3004,">="&CONFIG!$B$27)=0,"",AVERAGEIFS(ENSAYOS!$Q$5:$Q$3004,ENSAYOS!$C$5:$C$3004,F45,ENSAYOS!$Q$5:$Q$3004,">0",ENSAYOS!$G$5:$G$3004,">="&CONFIG!$B$27))) | W45: =IF(AND(U45<>"",V45<>""),U45/V45,"") | X45: =IF(U45="","",INDEX('CURVA EDAD'!$E$5:$E$32,MIN(28,MAX(1,N45)))) -> 0.84 | Y45: =IF(V45<>"",V45,IF(U45="","",U45/X45)) -> 104.78893 | Z45: =IF(V45<>"",_xlfn.MINIFS(ENSAYOS!$Q$5:$Q$3004,ENSAYOS!$C$5:$C$3004,F45,ENSAYOS!$Q$5:$Q$3004,">0",ENSAYOS!$G$5:$G$3004,">="&CONFIG!$B$27),IF(U45="","",_xlfn.MINIFS(ENSAYOS!$Q$5:$Q$3004,ENSAYOS!$C$5:$C$3004,F45,ENSAYOS!$Q$5:$Q$3004,">0",ENSAYOS!$G$5:$G$3004,N45)/X45)) -> 82.918667 | AA45: =IF(D45="","",IFERROR(1/(1/INDEX(CONFIG!$J$5:$J$14,MATCH(D45,CONFIG!$D$5:$D$14,0))),"")) | AB45: =IF(D45="","",IFERROR(1/(1/INDEX(CONFIG!$K$5:$K$14,MATCH(D45,CONFIG!$D$5:$D$14,0))),"")) | AC45: =IF(N(M45)=0,"",IF(AA45="","Sin spec",IF(AND(Y45>=AA45,OR(AB45="",Z45>=AB45)),"CUMPLE","NO CUMPLE")&IF(V45=""," (est.)",""))) -> Sin spec | AD45: =IF(F45="","",IF(COUNTIFS(ABSORCION!$C$5:$C$1004,F45,ABSORCION!$I$5:$I$1004,">0")=0,"",AVERAGEIFS(ABSORCION!$I$5:$I$1004,ABSORCION!$C$5:$C$1004,F45,ABSORCION!$I$5:$I$1004,">0"))) | AE45: =IF(F45="","",IF(COUNTIFS(ABSORCION!$C$5:$C$1004,F45,ABSORCION!$I$5:$I$1004,">0")=0,"",AVERAGEIFS(ABSORCION!$K$5:$K$1004,ABSORCION!$C$5:$C$1004,F45,ABSORCION!$I$5:$I$1004,">0"))) | AF45: =IF(AE45="","",IF(AE45>=CONFIG!$E$21,CONFIG!$F$21,IF(AE45>=CONFIG!$E$20,CONFIG!$F$20,CONFIG!$F$19))) | AG45: =IF(F45="","",TRIM(IF(N(M45)=0,"Sin ensayos. ","")&IF(AND(N(M45)>0,N(M45)<CONFIG!$B$26),"Menos de "&CONFIG!$B$26&" probetas. ","")&IF(N(T45)>CONFIG!$B$25,"CV alto. ","")&IF(AND(N(AD45)>0,N(AD45)>N(AF45)),"Absorción alta. ",""))) | AH45: =IF(AND(N(M45)>0,OR(CONTROL!$C$4="TODAS",C45=CONTROL!$C$4),D45=CONTROL!$C$5),MAX($AH$4:AH44)+1,"") | AI45: =IF(AH45="","",P45^2)
A46: =IF(B46="","",ROW()-4) -> 42 | B46: 45971 | C46: P1 | D46: Block 8" | F46: =IF(OR(B46="",C46="",D46=""),"",IFERROR(INDEX(CONFIG!$E$5:$E$14,MATCH(D46,CONFIG!$D$5:$D$14,0)),"?")&RIGHT("0"&DAY(B46),2)&RIGHT("0"&MONTH(B46),2)&RIGHT(YEAR(B46),2)&C46&IF(E46="","","-"&E46)) -> 8101125P1 | G46: 8101125B1 | M46: =IF(F46="","",COUNTIFS(ENSAYOS!$C$5:$C$3004,F46,ENSAYOS!$Q$5:$Q$3004,">0")) -> 4 | N46: =IF(N(M46)=0,"",_xlfn.MINIFS(ENSAYOS!$G$5:$G$3004,ENSAYOS!$C$5:$C$3004,F46,ENSAYOS!$Q$5:$Q$3004,">0")) -> 3 | O46: =IF(N(M46)=0,"",_xlfn.MAXIFS(ENSAYOS!$G$5:$G$3004,ENSAYOS!$C$5:$C$3004,F46,ENSAYOS!$Q$5:$Q$3004,">0")) -> 3 | P46: =IF(N(M46)=0,"",AVERAGEIFS(ENSAYOS!$Q$5:$Q$3004,ENSAYOS!$C$5:$C$3004,F46,ENSAYOS!$Q$5:$Q$3004,">0")) -> 79.559559 | Q46: =IF(N(M46)=0,"",_xlfn.MINIFS(ENSAYOS!$Q$5:$Q$3004,ENSAYOS!$C$5:$C$3004,F46,ENSAYOS!$Q$5:$Q$3004,">0")) -> 60.477767 | R46: =IF(N(M46)=0,"",_xlfn.MAXIFS(ENSAYOS!$Q$5:$Q$3004,ENSAYOS!$C$5:$C$3004,F46,ENSAYOS!$Q$5:$Q$3004,">0")) -> 92.514119 | S46: =IF(N(M46)<2,"",SQRT(MAX(0,(SUMIFS(ENSAYOS!$X$5:$X$3004,ENSAYOS!$C$5:$C$3004,F46,ENSAYOS!$Q$5:$Q$3004,">0")-M46*P46^2)/(M46-1)))) -> 15.471379 | T46: =IF(S46="","",S46/P46) -> 0.19446286 | U46: =IF(N(M46)=0,"",IF(N46>=CONFIG!$B$27,"",AVERAGEIFS(ENSAYOS!$Q$5:$Q$3004,ENSAYOS!$C$5:$C$3004,F46,ENSAYOS!$Q$5:$Q$3004,">0",ENSAYOS!$G$5:$G$3004,N46))) -> 79.559559 | V46: =IF(N(M46)=0,"",IF(COUNTIFS(ENSAYOS!$C$5:$C$3004,F46,ENSAYOS!$Q$5:$Q$3004,">0",ENSAYOS!$G$5:$G$3004,">="&CONFIG!$B$27)=0,"",AVERAGEIFS(ENSAYOS!$Q$5:$Q$3004,ENSAYOS!$C$5:$C$3004,F46,ENSAYOS!$Q$5:$Q$3004,">0",ENSAYOS!$G$5:$G$3004,">="&CONFIG!$B$27))) | W46: =IF(AND(U46<>"",V46<>""),U46/V46,"") | X46: =IF(U46="","",INDEX('CURVA EDAD'!$E$5:$E$32,MIN(28,MAX(1,N46)))) -> 0.84 | Y46: =IF(V46<>"",V46,IF(U46="","",U46/X46)) -> 94.71376 | Z46: =IF(V46<>"",_xlfn.MINIFS(ENSAYOS!$Q$5:$Q$3004,ENSAYOS!$C$5:$C$3004,F46,ENSAYOS!$Q$5:$Q$3004,">0",ENSAYOS!$G$5:$G$3004,">="&CONFIG!$B$27),IF(U46="","",_xlfn.MINIFS(ENSAYOS!$Q$5:$Q$3004,ENSAYOS!$C$5:$C$3004,F46,ENSAYOS!$Q$5:$Q$3004,">0",ENSAYOS!$G$5:$G$3004,N46)/X46)) -> 71.997342 | AA46: =IF(D46="","",IFERROR(1/(1/INDEX(CONFIG!$J$5:$J$14,MATCH(D46,CONFIG!$D$5:$D$14,0))),"")) | AB46: =IF(D46="","",IFERROR(1/(1/INDEX(CONFIG!$K$5:$K$14,MATCH(D46,CONFIG!$D$5:$D$14,0))),"")) | AC46: =IF(N(M46)=0,"",IF(AA46="","Sin spec",IF(AND(Y46>=AA46,OR(AB46="",Z46>=AB46)),"CUMPLE","NO CUMPLE")&IF(V46=""," (est.)",""))) -> Sin spec | AD46: =IF(F46="","",IF(COUNTIFS(ABSORCION!$C$5:$C$1004,F46,ABSORCION!$I$5:$I$1004,">0")=0,"",AVERAGEIFS(ABSORCION!$I$5:$I$1004,ABSORCION!$C$5:$C$1004,F46,ABSORCION!$I$5:$I$1004,">0"))) | AE46: =IF(F46="","",IF(COUNTIFS(ABSORCION!$C$5:$C$1004,F46,ABSORCION!$I$5:$I$1004,">0")=0,"",AVERAGEIFS(ABSORCION!$K$5:$K$1004,ABSORCION!$C$5:$C$1004,F46,ABSORCION!$I$5:$I$1004,">0"))) | AF46: =IF(AE46="","",IF(AE46>=CONFIG!$E$21,CONFIG!$F$21,IF(AE46>=CONFIG!$E$20,CONFIG!$F$20,CONFIG!$F$19))) | AG46: =IF(F46="","",TRIM(IF(N(M46)=0,"Sin ensayos. ","")&IF(AND(N(M46)>0,N(M46)<CONFIG!$B$26),"Menos de "&CONFIG!$B$26&" probetas. ","")&IF(N(T46)>CONFIG!$B$25,"CV alto. ","")&IF(AND(N(AD46)>0,N(AD46)>N(AF46)),"Absorción alta. ",""))) -> CV alto. | AH46: =IF(AND(N(M46)>0,OR(CONTROL!$C$4="TODAS",C46=CONTROL!$C$4),D46=CONTROL!$C$5),MAX($AH$4:AH45)+1,"") -> 33 | AI46: =IF(AH46="","",P46^2) -> 6329.7234
A47: =IF(B47="","",ROW()-4) | F47: =IF(OR(B47="",C47="",D47=""),"",IFERROR(INDEX(CONFIG!$E$5:$E$14,MATCH(D47,CONFIG!$D$5:$D$14,0)),"?")&RIGHT("0"&DAY(B47),2)&RIGHT("0"&MONTH(B47),2)&RIGHT(YEAR(B47),2)&C47&IF(E47="","","-"&E47)) | M47: =IF(F47="","",COUNTIFS(ENSAYOS!$C$5:$C$3004,F47,ENSAYOS!$Q$5:$Q$3004,">0")) | N47: =IF(N(M47)=0,"",_xlfn.MINIFS(ENSAYOS!$G$5:$G$3004,ENSAYOS!$C$5:$C$3004,F47,ENSAYOS!$Q$5:$Q$3004,">0")) | O47: =IF(N(M47)=0,"",_xlfn.MAXIFS(ENSAYOS!$G$5:$G$3004,ENSAYOS!$C$5:$C$3004,F47,ENSAYOS!$Q$5:$Q$3004,">0")) | P47: =IF(N(M47)=0,"",AVERAGEIFS(ENSAYOS!$Q$5:$Q$3004,ENSAYOS!$C$5:$C$3004,F47,ENSAYOS!$Q$5:$Q$3004,">0")) | Q47: =IF(N(M47)=0,"",_xlfn.MINIFS(ENSAYOS!$Q$5:$Q$3004,ENSAYOS!$C$5:$C$3004,F47,ENSAYOS!$Q$5:$Q$3004,">0")) | R47: =IF(N(M47)=0,"",_xlfn.MAXIFS(ENSAYOS!$Q$5:$Q$3004,ENSAYOS!$C$5:$C$3004,F47,ENSAYOS!$Q$5:$Q$3004,">0")) | S47: =IF(N(M47)<2,"",SQRT(MAX(0,(SUMIFS(ENSAYOS!$X$5:$X$3004,ENSAYOS!$C$5:$C$3004,F47,ENSAYOS!$Q$5:$Q$3004,">0")-M47*P47^2)/(M47-1)))) | T47: =IF(S47="","",S47/P47) | U47: =IF(N(M47)=0,"",IF(N47>=CONFIG!$B$27,"",AVERAGEIFS(ENSAYOS!$Q$5:$Q$3004,ENSAYOS!$C$5:$C$3004,F47,ENSAYOS!$Q$5:$Q$3004,">0",ENSAYOS!$G$5:$G$3004,N47))) | V47: =IF(N(M47)=0,"",IF(COUNTIFS(ENSAYOS!$C$5:$C$3004,F47,ENSAYOS!$Q$5:$Q$3004,">0",ENSAYOS!$G$5:$G$3004,">="&CONFIG!$B$27)=0,"",AVERAGEIFS(ENSAYOS!$Q$5:$Q$3004,ENSAYOS!$C$5:$C$3004,F47,ENSAYOS!$Q$5:$Q$3004,">0",ENSAYOS!$G$5:$G$3004,">="&CONFIG!$B$27))) | W47: =IF(AND(U47<>"",V47<>""),U47/V47,"") | X47: =IF(U47="","",INDEX('CURVA EDAD'!$E$5:$E$32,MIN(28,MAX(1,N47)))) | Y47: =IF(V47<>"",V47,IF(U47="","",U47/X47)) | Z47: =IF(V47<>"",_xlfn.MINIFS(ENSAYOS!$Q$5:$Q$3004,ENSAYOS!$C$5:$C$3004,F47,ENSAYOS!$Q$5:$Q$3004,">0",ENSAYOS!$G$5:$G$3004,">="&CONFIG!$B$27),IF(U47="","",_xlfn.MINIFS(ENSAYOS!$Q$5:$Q$3004,ENSAYOS!$C$5:$C$3004,F47,ENSAYOS!$Q$5:$Q$3004,">0",ENSAYOS!$G$5:$G$3004,N47)/X47)) | AA47: =IF(D47="","",IFERROR(1/(1/INDEX(CONFIG!$J$5:$J$14,MATCH(D47,CONFIG!$D$5:$D$14,0))),"")) | AB47: =IF(D47="","",IFERROR(1/(1/INDEX(CONFIG!$K$5:$K$14,MATCH(D47,CONFIG!$D$5:$D$14,0))),"")) | AC47: =IF(N(M47)=0,"",IF(AA47="","Sin spec",IF(AND(Y47>=AA47,OR(AB47="",Z47>=AB47)),"CUMPLE","NO CUMPLE")&IF(V47=""," (est.)",""))) | AD47: =IF(F47="","",IF(COUNTIFS(ABSORCION!$C$5:$C$1004,F47,ABSORCION!$I$5:$I$1004,">0")=0,"",AVERAGEIFS(ABSORCION!$I$5:$I$1004,ABSORCION!$C$5:$C$1004,F47,ABSORCION!$I$5:$I$1004,">0"))) | AE47: =IF(F47="","",IF(COUNTIFS(ABSORCION!$C$5:$C$1004,F47,ABSORCION!$I$5:$I$1004,">0")=0,"",AVERAGEIFS(ABSORCION!$K$5:$K$1004,ABSORCION!$C$5:$C$1004,F47,ABSORCION!$I$5:$I$1004,">0"))) | AF47: =IF(AE47="","",IF(AE47>=CONFIG!$E$21,CONFIG!$F$21,IF(AE47>=CONFIG!$E$20,CONFIG!$F$20,CONFIG!$F$19))) | AG47: =IF(F47="","",TRIM(IF(N(M47)=0,"Sin ensayos. ","")&IF(AND(N(M47)>0,N(M47)<CONFIG!$B$26),"Menos de "&CONFIG!$B$26&" probetas. ","")&IF(N(T47)>CONFIG!$B$25,"CV alto. ","")&IF(AND(N(AD47)>0,N(AD47)>N(AF47)),"Absorción alta. ",""))) | AH47: =IF(AND(N(M47)>0,OR(CONTROL!$C$4="TODAS",C47=CONTROL!$C$4),D47=CONTROL!$C$5),MAX($AH$4:AH46)+1,"") | AI47: =IF(AH47="","",P47^2)
A48: =IF(B48="","",ROW()-4) | F48: =IF(OR(B48="",C48="",D48=""),"",IFERROR(INDEX(CONFIG!$E$5:$E$14,MATCH(D48,CONFIG!$D$5:$D$14,0)),"?")&RIGHT("0"&DAY(B48),2)&RIGHT("0"&MONTH(B48),2)&RIGHT(YEAR(B48),2)&C48&IF(E48="","","-"&E48)) | M48: =IF(F48="","",COUNTIFS(ENSAYOS!$C$5:$C$3004,F48,ENSAYOS!$Q$5:$Q$3004,">0")) | N48: =IF(N(M48)=0,"",_xlfn.MINIFS(ENSAYOS!$G$5:$G$3004,ENSAYOS!$C$5:$C$3004,F48,ENSAYOS!$Q$5:$Q$3004,">0")) | O48: =IF(N(M48)=0,"",_xlfn.MAXIFS(ENSAYOS!$G$5:$G$3004,ENSAYOS!$C$5:$C$3004,F48,ENSAYOS!$Q$5:$Q$3004,">0")) | P48: =IF(N(M48)=0,"",AVERAGEIFS(ENSAYOS!$Q$5:$Q$3004,ENSAYOS!$C$5:$C$3004,F48,ENSAYOS!$Q$5:$Q$3004,">0")) | Q48: =IF(N(M48)=0,"",_xlfn.MINIFS(ENSAYOS!$Q$5:$Q$3004,ENSAYOS!$C$5:$C$3004,F48,ENSAYOS!$Q$5:$Q$3004,">0")) | R48: =IF(N(M48)=0,"",_xlfn.MAXIFS(ENSAYOS!$Q$5:$Q$3004,ENSAYOS!$C$5:$C$3004,F48,ENSAYOS!$Q$5:$Q$3004,">0")) | S48: =IF(N(M48)<2,"",SQRT(MAX(0,(SUMIFS(ENSAYOS!$X$5:$X$3004,ENSAYOS!$C$5:$C$3004,F48,ENSAYOS!$Q$5:$Q$3004,">0")-M48*P48^2)/(M48-1)))) | T48: =IF(S48="","",S48/P48) | U48: =IF(N(M48)=0,"",IF(N48>=CONFIG!$B$27,"",AVERAGEIFS(ENSAYOS!$Q$5:$Q$3004,ENSAYOS!$C$5:$C$3004,F48,ENSAYOS!$Q$5:$Q$3004,">0",ENSAYOS!$G$5:$G$3004,N48))) | V48: =IF(N(M48)=0,"",IF(COUNTIFS(ENSAYOS!$C$5:$C$3004,F48,ENSAYOS!$Q$5:$Q$3004,">0",ENSAYOS!$G$5:$G$3004,">="&CONFIG!$B$27)=0,"",AVERAGEIFS(ENSAYOS!$Q$5:$Q$3004,ENSAYOS!$C$5:$C$3004,F48,ENSAYOS!$Q$5:$Q$3004,">0",ENSAYOS!$G$5:$G$3004,">="&CONFIG!$B$27))) | W48: =IF(AND(U48<>"",V48<>""),U48/V48,"") | X48: =IF(U48="","",INDEX('CURVA EDAD'!$E$5:$E$32,MIN(28,MAX(1,N48)))) | Y48: =IF(V48<>"",V48,IF(U48="","",U48/X48)) | Z48: =IF(V48<>"",_xlfn.MINIFS(ENSAYOS!$Q$5:$Q$3004,ENSAYOS!$C$5:$C$3004,F48,ENSAYOS!$Q$5:$Q$3004,">0",ENSAYOS!$G$5:$G$3004,">="&CONFIG!$B$27),IF(U48="","",_xlfn.MINIFS(ENSAYOS!$Q$5:$Q$3004,ENSAYOS!$C$5:$C$3004,F48,ENSAYOS!$Q$5:$Q$3004,">0",ENSAYOS!$G$5:$G$3004,N48)/X48)) | AA48: =IF(D48="","",IFERROR(1/(1/INDEX(CONFIG!$J$5:$J$14,MATCH(D48,CONFIG!$D$5:$D$14,0))),"")) | AB48: =IF(D48="","",IFERROR(1/(1/INDEX(CONFIG!$K$5:$K$14,MATCH(D48,CONFIG!$D$5:$D$14,0))),"")) | AC48: =IF(N(M48)=0,"",IF(AA48="","Sin spec",IF(AND(Y48>=AA48,OR(AB48="",Z48>=AB48)),"CUMPLE","NO CUMPLE")&IF(V48=""," (est.)",""))) | AD48: =IF(F48="","",IF(COUNTIFS(ABSORCION!$C$5:$C$1004,F48,ABSORCION!$I$5:$I$1004,">0")=0,"",AVERAGEIFS(ABSORCION!$I$5:$I$1004,ABSORCION!$C$5:$C$1004,F48,ABSORCION!$I$5:$I$1004,">0"))) | AE48: =IF(F48="","",IF(COUNTIFS(ABSORCION!$C$5:$C$1004,F48,ABSORCION!$I$5:$I$1004,">0")=0,"",AVERAGEIFS(ABSORCION!$K$5:$K$1004,ABSORCION!$C$5:$C$1004,F48,ABSORCION!$I$5:$I$1004,">0"))) | AF48: =IF(AE48="","",IF(AE48>=CONFIG!$E$21,CONFIG!$F$21,IF(AE48>=CONFIG!$E$20,CONFIG!$F$20,CONFIG!$F$19))) | AG48: =IF(F48="","",TRIM(IF(N(M48)=0,"Sin ensayos. ","")&IF(AND(N(M48)>0,N(M48)<CONFIG!$B$26),"Menos de "&CONFIG!$B$26&" probetas. ","")&IF(N(T48)>CONFIG!$B$25,"CV alto. ","")&IF(AND(N(AD48)>0,N(AD48)>N(AF48)),"Absorción alta. ",""))) | AH48: =IF(AND(N(M48)>0,OR(CONTROL!$C$4="TODAS",C48=CONTROL!$C$4),D48=CONTROL!$C$5),MAX($AH$4:AH47)+1,"") | AI48: =IF(AH48="","",P48^2)
A49: =IF(B49="","",ROW()-4) | F49: =IF(OR(B49="",C49="",D49=""),"",IFERROR(INDEX(CONFIG!$E$5:$E$14,MATCH(D49,CONFIG!$D$5:$D$14,0)),"?")&RIGHT("0"&DAY(B49),2)&RIGHT("0"&MONTH(B49),2)&RIGHT(YEAR(B49),2)&C49&IF(E49="","","-"&E49)) | M49: =IF(F49="","",COUNTIFS(ENSAYOS!$C$5:$C$3004,F49,ENSAYOS!$Q$5:$Q$3004,">0")) | N49: =IF(N(M49)=0,"",_xlfn.MINIFS(ENSAYOS!$G$5:$G$3004,ENSAYOS!$C$5:$C$3004,F49,ENSAYOS!$Q$5:$Q$3004,">0")) | O49: =IF(N(M49)=0,"",_xlfn.MAXIFS(ENSAYOS!$G$5:$G$3004,ENSAYOS!$C$5:$C$3004,F49,ENSAYOS!$Q$5:$Q$3004,">0")) | P49: =IF(N(M49)=0,"",AVERAGEIFS(ENSAYOS!$Q$5:$Q$3004,ENSAYOS!$C$5:$C$3004,F49,ENSAYOS!$Q$5:$Q$3004,">0")) | Q49: =IF(N(M49)=0,"",_xlfn.MINIFS(ENSAYOS!$Q$5:$Q$3004,ENSAYOS!$C$5:$C$3004,F49,ENSAYOS!$Q$5:$Q$3004,">0")) | R49: =IF(N(M49)=0,"",_xlfn.MAXIFS(ENSAYOS!$Q$5:$Q$3004,ENSAYOS!$C$5:$C$3004,F49,ENSAYOS!$Q$5:$Q$3004,">0")) | S49: =IF(N(M49)<2,"",SQRT(MAX(0,(SUMIFS(ENSAYOS!$X$5:$X$3004,ENSAYOS!$C$5:$C$3004,F49,ENSAYOS!$Q$5:$Q$3004,">0")-M49*P49^2)/(M49-1)))) | T49: =IF(S49="","",S49/P49) | U49: =IF(N(M49)=0,"",IF(N49>=CONFIG!$B$27,"",AVERAGEIFS(ENSAYOS!$Q$5:$Q$3004,ENSAYOS!$C$5:$C$3004,F49,ENSAYOS!$Q$5:$Q$3004,">0",ENSAYOS!$G$5:$G$3004,N49))) | V49: =IF(N(M49)=0,"",IF(COUNTIFS(ENSAYOS!$C$5:$C$3004,F49,ENSAYOS!$Q$5:$Q$3004,">0",ENSAYOS!$G$5:$G$3004,">="&CONFIG!$B$27)=0,"",AVERAGEIFS(ENSAYOS!$Q$5:$Q$3004,ENSAYOS!$C$5:$C$3004,F49,ENSAYOS!$Q$5:$Q$3004,">0",ENSAYOS!$G$5:$G$3004,">="&CONFIG!$B$27))) | W49: =IF(AND(U49<>"",V49<>""),U49/V49,"") | X49: =IF(U49="","",INDEX('CURVA EDAD'!$E$5:$E$32,MIN(28,MAX(1,N49)))) | Y49: =IF(V49<>"",V49,IF(U49="","",U49/X49)) | Z49: =IF(V49<>"",_xlfn.MINIFS(ENSAYOS!$Q$5:$Q$3004,ENSAYOS!$C$5:$C$3004,F49,ENSAYOS!$Q$5:$Q$3004,">0",ENSAYOS!$G$5:$G$3004,">="&CONFIG!$B$27),IF(U49="","",_xlfn.MINIFS(ENSAYOS!$Q$5:$Q$3004,ENSAYOS!$C$5:$C$3004,F49,ENSAYOS!$Q$5:$Q$3004,">0",ENSAYOS!$G$5:$G$3004,N49)/X49)) | AA49: =IF(D49="","",IFERROR(1/(1/INDEX(CONFIG!$J$5:$J$14,MATCH(D49,CONFIG!$D$5:$D$14,0))),"")) | AB49: =IF(D49="","",IFERROR(1/(1/INDEX(CONFIG!$K$5:$K$14,MATCH(D49,CONFIG!$D$5:$D$14,0))),"")) | AC49: =IF(N(M49)=0,"",IF(AA49="","Sin spec",IF(AND(Y49>=AA49,OR(AB49="",Z49>=AB49)),"CUMPLE","NO CUMPLE")&IF(V49=""," (est.)",""))) | AD49: =IF(F49="","",IF(COUNTIFS(ABSORCION!$C$5:$C$1004,F49,ABSORCION!$I$5:$I$1004,">0")=0,"",AVERAGEIFS(ABSORCION!$I$5:$I$1004,ABSORCION!$C$5:$C$1004,F49,ABSORCION!$I$5:$I$1004,">0"))) | AE49: =IF(F49="","",IF(COUNTIFS(ABSORCION!$C$5:$C$1004,F49,ABSORCION!$I$5:$I$1004,">0")=0,"",AVERAGEIFS(ABSORCION!$K$5:$K$1004,ABSORCION!$C$5:$C$1004,F49,ABSORCION!$I$5:$I$1004,">0"))) | AF49: =IF(AE49="","",IF(AE49>=CONFIG!$E$21,CONFIG!$F$21,IF(AE49>=CONFIG!$E$20,CONFIG!$F$20,CONFIG!$F$19))) | AG49: =IF(F49="","",TRIM(IF(N(M49)=0,"Sin ensayos. ","")&IF(AND(N(M49)>0,N(M49)<CONFIG!$B$26),"Menos de "&CONFIG!$B$26&" probetas. ","")&IF(N(T49)>CONFIG!$B$25,"CV alto. ","")&IF(AND(N(AD49)>0,N(AD49)>N(AF49)),"Absorción alta. ",""))) | AH49: =IF(AND(N(M49)>0,OR(CONTROL!$C$4="TODAS",C49=CONTROL!$C$4),D49=CONTROL!$C$5),MAX($AH$4:AH48)+1,"") | AI49: =IF(AH49="","",P49^2)
A50: =IF(B50="","",ROW()-4) | F50: =IF(OR(B50="",C50="",D50=""),"",IFERROR(INDEX(CONFIG!$E$5:$E$14,MATCH(D50,CONFIG!$D$5:$D$14,0)),"?")&RIGHT("0"&DAY(B50),2)&RIGHT("0"&MONTH(B50),2)&RIGHT(YEAR(B50),2)&C50&IF(E50="","","-"&E50)) | M50: =IF(F50="","",COUNTIFS(ENSAYOS!$C$5:$C$3004,F50,ENSAYOS!$Q$5:$Q$3004,">0")) | N50: =IF(N(M50)=0,"",_xlfn.MINIFS(ENSAYOS!$G$5:$G$3004,ENSAYOS!$C$5:$C$3004,F50,ENSAYOS!$Q$5:$Q$3004,">0")) | O50: =IF(N(M50)=0,"",_xlfn.MAXIFS(ENSAYOS!$G$5:$G$3004,ENSAYOS!$C$5:$C$3004,F50,ENSAYOS!$Q$5:$Q$3004,">0")) | P50: =IF(N(M50)=0,"",AVERAGEIFS(ENSAYOS!$Q$5:$Q$3004,ENSAYOS!$C$5:$C$3004,F50,ENSAYOS!$Q$5:$Q$3004,">0")) | Q50: =IF(N(M50)=0,"",_xlfn.MINIFS(ENSAYOS!$Q$5:$Q$3004,ENSAYOS!$C$5:$C$3004,F50,ENSAYOS!$Q$5:$Q$3004,">0")) | R50: =IF(N(M50)=0,"",_xlfn.MAXIFS(ENSAYOS!$Q$5:$Q$3004,ENSAYOS!$C$5:$C$3004,F50,ENSAYOS!$Q$5:$Q$3004,">0")) | S50: =IF(N(M50)<2,"",SQRT(MAX(0,(SUMIFS(ENSAYOS!$X$5:$X$3004,ENSAYOS!$C$5:$C$3004,F50,ENSAYOS!$Q$5:$Q$3004,">0")-M50*P50^2)/(M50-1)))) | T50: =IF(S50="","",S50/P50) | U50: =IF(N(M50)=0,"",IF(N50>=CONFIG!$B$27,"",AVERAGEIFS(ENSAYOS!$Q$5:$Q$3004,ENSAYOS!$C$5:$C$3004,F50,ENSAYOS!$Q$5:$Q$3004,">0",ENSAYOS!$G$5:$G$3004,N50))) | V50: =IF(N(M50)=0,"",IF(COUNTIFS(ENSAYOS!$C$5:$C$3004,F50,ENSAYOS!$Q$5:$Q$3004,">0",ENSAYOS!$G$5:$G$3004,">="&CONFIG!$B$27)=0,"",AVERAGEIFS(ENSAYOS!$Q$5:$Q$3004,ENSAYOS!$C$5:$C$3004,F50,ENSAYOS!$Q$5:$Q$3004,">0",ENSAYOS!$G$5:$G$3004,">="&CONFIG!$B$27))) | W50: =IF(AND(U50<>"",V50<>""),U50/V50,"") | X50: =IF(U50="","",INDEX('CURVA EDAD'!$E$5:$E$32,MIN(28,MAX(1,N50)))) | Y50: =IF(V50<>"",V50,IF(U50="","",U50/X50)) | Z50: =IF(V50<>"",_xlfn.MINIFS(ENSAYOS!$Q$5:$Q$3004,ENSAYOS!$C$5:$C$3004,F50,ENSAYOS!$Q$5:$Q$3004,">0",ENSAYOS!$G$5:$G$3004,">="&CONFIG!$B$27),IF(U50="","",_xlfn.MINIFS(ENSAYOS!$Q$5:$Q$3004,ENSAYOS!$C$5:$C$3004,F50,ENSAYOS!$Q$5:$Q$3004,">0",ENSAYOS!$G$5:$G$3004,N50)/X50)) | AA50: =IF(D50="","",IFERROR(1/(1/INDEX(CONFIG!$J$5:$J$14,MATCH(D50,CONFIG!$D$5:$D$14,0))),"")) | AB50: =IF(D50="","",IFERROR(1/(1/INDEX(CONFIG!$K$5:$K$14,MATCH(D50,CONFIG!$D$5:$D$14,0))),"")) | AC50: =IF(N(M50)=0,"",IF(AA50="","Sin spec",IF(AND(Y50>=AA50,OR(AB50="",Z50>=AB50)),"CUMPLE","NO CUMPLE")&IF(V50=""," (est.)",""))) | AD50: =IF(F50="","",IF(COUNTIFS(ABSORCION!$C$5:$C$1004,F50,ABSORCION!$I$5:$I$1004,">0")=0,"",AVERAGEIFS(ABSORCION!$I$5:$I$1004,ABSORCION!$C$5:$C$1004,F50,ABSORCION!$I$5:$I$1004,">0"))) | AE50: =IF(F50="","",IF(COUNTIFS(ABSORCION!$C$5:$C$1004,F50,ABSORCION!$I$5:$I$1004,">0")=0,"",AVERAGEIFS(ABSORCION!$K$5:$K$1004,ABSORCION!$C$5:$C$1004,F50,ABSORCION!$I$5:$I$1004,">0"))) | AF50: =IF(AE50="","",IF(AE50>=CONFIG!$E$21,CONFIG!$F$21,IF(AE50>=CONFIG!$E$20,CONFIG!$F$20,CONFIG!$F$19))) | AG50: =IF(F50="","",TRIM(IF(N(M50)=0,"Sin ensayos. ","")&IF(AND(N(M50)>0,N(M50)<CONFIG!$B$26),"Menos de "&CONFIG!$B$26&" probetas. ","")&IF(N(T50)>CONFIG!$B$25,"CV alto. ","")&IF(AND(N(AD50)>0,N(AD50)>N(AF50)),"Absorción alta. ",""))) | AH50: =IF(AND(N(M50)>0,OR(CONTROL!$C$4="TODAS",C50=CONTROL!$C$4),D50=CONTROL!$C$5),MAX($AH$4:AH49)+1,"") | AI50: =IF(AH50="","",P50^2)
A51: =IF(B51="","",ROW()-4) | F51: =IF(OR(B51="",C51="",D51=""),"",IFERROR(INDEX(CONFIG!$E$5:$E$14,MATCH(D51,CONFIG!$D$5:$D$14,0)),"?")&RIGHT("0"&DAY(B51),2)&RIGHT("0"&MONTH(B51),2)&RIGHT(YEAR(B51),2)&C51&IF(E51="","","-"&E51)) | M51: =IF(F51="","",COUNTIFS(ENSAYOS!$C$5:$C$3004,F51,ENSAYOS!$Q$5:$Q$3004,">0")) | N51: =IF(N(M51)=0,"",_xlfn.MINIFS(ENSAYOS!$G$5:$G$3004,ENSAYOS!$C$5:$C$3004,F51,ENSAYOS!$Q$5:$Q$3004,">0")) | O51: =IF(N(M51)=0,"",_xlfn.MAXIFS(ENSAYOS!$G$5:$G$3004,ENSAYOS!$C$5:$C$3004,F51,ENSAYOS!$Q$5:$Q$3004,">0")) | P51: =IF(N(M51)=0,"",AVERAGEIFS(ENSAYOS!$Q$5:$Q$3004,ENSAYOS!$C$5:$C$3004,F51,ENSAYOS!$Q$5:$Q$3004,">0")) | Q51: =IF(N(M51)=0,"",_xlfn.MINIFS(ENSAYOS!$Q$5:$Q$3004,ENSAYOS!$C$5:$C$3004,F51,ENSAYOS!$Q$5:$Q$3004,">0")) | R51: =IF(N(M51)=0,"",_xlfn.MAXIFS(ENSAYOS!$Q$5:$Q$3004,ENSAYOS!$C$5:$C$3004,F51,ENSAYOS!$Q$5:$Q$3004,">0")) | S51: =IF(N(M51)<2,"",SQRT(MAX(0,(SUMIFS(ENSAYOS!$X$5:$X$3004,ENSAYOS!$C$5:$C$3004,F51,ENSAYOS!$Q$5:$Q$3004,">0")-M51*P51^2)/(M51-1)))) | T51: =IF(S51="","",S51/P51) | U51: =IF(N(M51)=0,"",IF(N51>=CONFIG!$B$27,"",AVERAGEIFS(ENSAYOS!$Q$5:$Q$3004,ENSAYOS!$C$5:$C$3004,F51,ENSAYOS!$Q$5:$Q$3004,">0",ENSAYOS!$G$5:$G$3004,N51))) | V51: =IF(N(M51)=0,"",IF(COUNTIFS(ENSAYOS!$C$5:$C$3004,F51,ENSAYOS!$Q$5:$Q$3004,">0",ENSAYOS!$G$5:$G$3004,">="&CONFIG!$B$27)=0,"",AVERAGEIFS(ENSAYOS!$Q$5:$Q$3004,ENSAYOS!$C$5:$C$3004,F51,ENSAYOS!$Q$5:$Q$3004,">0",ENSAYOS!$G$5:$G$3004,">="&CONFIG!$B$27))) | W51: =IF(AND(U51<>"",V51<>""),U51/V51,"") | X51: =IF(U51="","",INDEX('CURVA EDAD'!$E$5:$E$32,MIN(28,MAX(1,N51)))) | Y51: =IF(V51<>"",V51,IF(U51="","",U51/X51)) | Z51: =IF(V51<>"",_xlfn.MINIFS(ENSAYOS!$Q$5:$Q$3004,ENSAYOS!$C$5:$C$3004,F51,ENSAYOS!$Q$5:$Q$3004,">0",ENSAYOS!$G$5:$G$3004,">="&CONFIG!$B$27),IF(U51="","",_xlfn.MINIFS(ENSAYOS!$Q$5:$Q$3004,ENSAYOS!$C$5:$C$3004,F51,ENSAYOS!$Q$5:$Q$3004,">0",ENSAYOS!$G$5:$G$3004,N51)/X51)) | AA51: =IF(D51="","",IFERROR(1/(1/INDEX(CONFIG!$J$5:$J$14,MATCH(D51,CONFIG!$D$5:$D$14,0))),"")) | AB51: =IF(D51="","",IFERROR(1/(1/INDEX(CONFIG!$K$5:$K$14,MATCH(D51,CONFIG!$D$5:$D$14,0))),"")) | AC51: =IF(N(M51)=0,"",IF(AA51="","Sin spec",IF(AND(Y51>=AA51,OR(AB51="",Z51>=AB51)),"CUMPLE","NO CUMPLE")&IF(V51=""," (est.)",""))) | AD51: =IF(F51="","",IF(COUNTIFS(ABSORCION!$C$5:$C$1004,F51,ABSORCION!$I$5:$I$1004,">0")=0,"",AVERAGEIFS(ABSORCION!$I$5:$I$1004,ABSORCION!$C$5:$C$1004,F51,ABSORCION!$I$5:$I$1004,">0"))) | AE51: =IF(F51="","",IF(COUNTIFS(ABSORCION!$C$5:$C$1004,F51,ABSORCION!$I$5:$I$1004,">0")=0,"",AVERAGEIFS(ABSORCION!$K$5:$K$1004,ABSORCION!$C$5:$C$1004,F51,ABSORCION!$I$5:$I$1004,">0"))) | AF51: =IF(AE51="","",IF(AE51>=CONFIG!$E$21,CONFIG!$F$21,IF(AE51>=CONFIG!$E$20,CONFIG!$F$20,CONFIG!$F$19))) | AG51: =IF(F51="","",TRIM(IF(N(M51)=0,"Sin ensayos. ","")&IF(AND(N(M51)>0,N(M51)<CONFIG!$B$26),"Menos de "&CONFIG!$B$26&" probetas. ","")&IF(N(T51)>CONFIG!$B$25,"CV alto. ","")&IF(AND(N(AD51)>0,N(AD51)>N(AF51)),"Absorción alta. ",""))) | AH51: =IF(AND(N(M51)>0,OR(CONTROL!$C$4="TODAS",C51=CONTROL!$C$4),D51=CONTROL!$C$5),MAX($AH$4:AH50)+1,"") | AI51: =IF(AH51="","",P51^2)
A52: =IF(B52="","",ROW()-4) | F52: =IF(OR(B52="",C52="",D52=""),"",IFERROR(INDEX(CONFIG!$E$5:$E$14,MATCH(D52,CONFIG!$D$5:$D$14,0)),"?")&RIGHT("0"&DAY(B52),2)&RIGHT("0"&MONTH(B52),2)&RIGHT(YEAR(B52),2)&C52&IF(E52="","","-"&E52)) | M52: =IF(F52="","",COUNTIFS(ENSAYOS!$C$5:$C$3004,F52,ENSAYOS!$Q$5:$Q$3004,">0")) | N52: =IF(N(M52)=0,"",_xlfn.MINIFS(ENSAYOS!$G$5:$G$3004,ENSAYOS!$C$5:$C$3004,F52,ENSAYOS!$Q$5:$Q$3004,">0")) | O52: =IF(N(M52)=0,"",_xlfn.MAXIFS(ENSAYOS!$G$5:$G$3004,ENSAYOS!$C$5:$C$3004,F52,ENSAYOS!$Q$5:$Q$3004,">0")) | P52: =IF(N(M52)=0,"",AVERAGEIFS(ENSAYOS!$Q$5:$Q$3004,ENSAYOS!$C$5:$C$3004,F52,ENSAYOS!$Q$5:$Q$3004,">0")) | Q52: =IF(N(M52)=0,"",_xlfn.MINIFS(ENSAYOS!$Q$5:$Q$3004,ENSAYOS!$C$5:$C$3004,F52,ENSAYOS!$Q$5:$Q$3004,">0")) | R52: =IF(N(M52)=0,"",_xlfn.MAXIFS(ENSAYOS!$Q$5:$Q$3004,ENSAYOS!$C$5:$C$3004,F52,ENSAYOS!$Q$5:$Q$3004,">0")) | S52: =IF(N(M52)<2,"",SQRT(MAX(0,(SUMIFS(ENSAYOS!$X$5:$X$3004,ENSAYOS!$C$5:$C$3004,F52,ENSAYOS!$Q$5:$Q$3004,">0")-M52*P52^2)/(M52-1)))) | T52: =IF(S52="","",S52/P52) | U52: =IF(N(M52)=0,"",IF(N52>=CONFIG!$B$27,"",AVERAGEIFS(ENSAYOS!$Q$5:$Q$3004,ENSAYOS!$C$5:$C$3004,F52,ENSAYOS!$Q$5:$Q$3004,">0",ENSAYOS!$G$5:$G$3004,N52))) | V52: =IF(N(M52)=0,"",IF(COUNTIFS(ENSAYOS!$C$5:$C$3004,F52,ENSAYOS!$Q$5:$Q$3004,">0",ENSAYOS!$G$5:$G$3004,">="&CONFIG!$B$27)=0,"",AVERAGEIFS(ENSAYOS!$Q$5:$Q$3004,ENSAYOS!$C$5:$C$3004,F52,ENSAYOS!$Q$5:$Q$3004,">0",ENSAYOS!$G$5:$G$3004,">="&CONFIG!$B$27))) | W52: =IF(AND(U52<>"",V52<>""),U52/V52,"") | X52: =IF(U52="","",INDEX('CURVA EDAD'!$E$5:$E$32,MIN(28,MAX(1,N52)))) | Y52: =IF(V52<>"",V52,IF(U52="","",U52/X52)) | Z52: =IF(V52<>"",_xlfn.MINIFS(ENSAYOS!$Q$5:$Q$3004,ENSAYOS!$C$5:$C$3004,F52,ENSAYOS!$Q$5:$Q$3004,">0",ENSAYOS!$G$5:$G$3004,">="&CONFIG!$B$27),IF(U52="","",_xlfn.MINIFS(ENSAYOS!$Q$5:$Q$3004,ENSAYOS!$C$5:$C$3004,F52,ENSAYOS!$Q$5:$Q$3004,">0",ENSAYOS!$G$5:$G$3004,N52)/X52)) | AA52: =IF(D52="","",IFERROR(1/(1/INDEX(CONFIG!$J$5:$J$14,MATCH(D52,CONFIG!$D$5:$D$14,0))),"")) | AB52: =IF(D52="","",IFERROR(1/(1/INDEX(CONFIG!$K$5:$K$14,MATCH(D52,CONFIG!$D$5:$D$14,0))),"")) | AC52: =IF(N(M52)=0,"",IF(AA52="","Sin spec",IF(AND(Y52>=AA52,OR(AB52="",Z52>=AB52)),"CUMPLE","NO CUMPLE")&IF(V52=""," (est.)",""))) | AD52: =IF(F52="","",IF(COUNTIFS(ABSORCION!$C$5:$C$1004,F52,ABSORCION!$I$5:$I$1004,">0")=0,"",AVERAGEIFS(ABSORCION!$I$5:$I$1004,ABSORCION!$C$5:$C$1004,F52,ABSORCION!$I$5:$I$1004,">0"))) | AE52: =IF(F52="","",IF(COUNTIFS(ABSORCION!$C$5:$C$1004,F52,ABSORCION!$I$5:$I$1004,">0")=0,"",AVERAGEIFS(ABSORCION!$K$5:$K$1004,ABSORCION!$C$5:$C$1004,F52,ABSORCION!$I$5:$I$1004,">0"))) | AF52: =IF(AE52="","",IF(AE52>=CONFIG!$E$21,CONFIG!$F$21,IF(AE52>=CONFIG!$E$20,CONFIG!$F$20,CONFIG!$F$19))) | AG52: =IF(F52="","",TRIM(IF(N(M52)=0,"Sin ensayos. ","")&IF(AND(N(M52)>0,N(M52)<CONFIG!$B$26),"Menos de "&CONFIG!$B$26&" probetas. ","")&IF(N(T52)>CONFIG!$B$25,"CV alto. ","")&IF(AND(N(AD52)>0,N(AD52)>N(AF52)),"Absorción alta. ",""))) | AH52: =IF(AND(N(M52)>0,OR(CONTROL!$C$4="TODAS",C52=CONTROL!$C$4),D52=CONTROL!$C$5),MAX($AH$4:AH51)+1,"") | AI52: =IF(AH52="","",P52^2)
A53: =IF(B53="","",ROW()-4) | F53: =IF(OR(B53="",C53="",D53=""),"",IFERROR(INDEX(CONFIG!$E$5:$E$14,MATCH(D53,CONFIG!$D$5:$D$14,0)),"?")&RIGHT("0"&DAY(B53),2)&RIGHT("0"&MONTH(B53),2)&RIGHT(YEAR(B53),2)&C53&IF(E53="","","-"&E53)) | M53: =IF(F53="","",COUNTIFS(ENSAYOS!$C$5:$C$3004,F53,ENSAYOS!$Q$5:$Q$3004,">0")) | N53: =IF(N(M53)=0,"",_xlfn.MINIFS(ENSAYOS!$G$5:$G$3004,ENSAYOS!$C$5:$C$3004,F53,ENSAYOS!$Q$5:$Q$3004,">0")) | O53: =IF(N(M53)=0,"",_xlfn.MAXIFS(ENSAYOS!$G$5:$G$3004,ENSAYOS!$C$5:$C$3004,F53,ENSAYOS!$Q$5:$Q$3004,">0")) | P53: =IF(N(M53)=0,"",AVERAGEIFS(ENSAYOS!$Q$5:$Q$3004,ENSAYOS!$C$5:$C$3004,F53,ENSAYOS!$Q$5:$Q$3004,">0")) | Q53: =IF(N(M53)=0,"",_xlfn.MINIFS(ENSAYOS!$Q$5:$Q$3004,ENSAYOS!$C$5:$C$3004,F53,ENSAYOS!$Q$5:$Q$3004,">0")) | R53: =IF(N(M53)=0,"",_xlfn.MAXIFS(ENSAYOS!$Q$5:$Q$3004,ENSAYOS!$C$5:$C$3004,F53,ENSAYOS!$Q$5:$Q$3004,">0")) | S53: =IF(N(M53)<2,"",SQRT(MAX(0,(SUMIFS(ENSAYOS!$X$5:$X$3004,ENSAYOS!$C$5:$C$3004,F53,ENSAYOS!$Q$5:$Q$3004,">0")-M53*P53^2)/(M53-1)))) | T53: =IF(S53="","",S53/P53) | U53: =IF(N(M53)=0,"",IF(N53>=CONFIG!$B$27,"",AVERAGEIFS(ENSAYOS!$Q$5:$Q$3004,ENSAYOS!$C$5:$C$3004,F53,ENSAYOS!$Q$5:$Q$3004,">0",ENSAYOS!$G$5:$G$3004,N53))) | V53: =IF(N(M53)=0,"",IF(COUNTIFS(ENSAYOS!$C$5:$C$3004,F53,ENSAYOS!$Q$5:$Q$3004,">0",ENSAYOS!$G$5:$G$3004,">="&CONFIG!$B$27)=0,"",AVERAGEIFS(ENSAYOS!$Q$5:$Q$3004,ENSAYOS!$C$5:$C$3004,F53,ENSAYOS!$Q$5:$Q$3004,">0",ENSAYOS!$G$5:$G$3004,">="&CONFIG!$B$27))) | W53: =IF(AND(U53<>"",V53<>""),U53/V53,"") | X53: =IF(U53="","",INDEX('CURVA EDAD'!$E$5:$E$32,MIN(28,MAX(1,N53)))) | Y53: =IF(V53<>"",V53,IF(U53="","",U53/X53)) | Z53: =IF(V53<>"",_xlfn.MINIFS(ENSAYOS!$Q$5:$Q$3004,ENSAYOS!$C$5:$C$3004,F53,ENSAYOS!$Q$5:$Q$3004,">0",ENSAYOS!$G$5:$G$3004,">="&CONFIG!$B$27),IF(U53="","",_xlfn.MINIFS(ENSAYOS!$Q$5:$Q$3004,ENSAYOS!$C$5:$C$3004,F53,ENSAYOS!$Q$5:$Q$3004,">0",ENSAYOS!$G$5:$G$3004,N53)/X53)) | AA53: =IF(D53="","",IFERROR(1/(1/INDEX(CONFIG!$J$5:$J$14,MATCH(D53,CONFIG!$D$5:$D$14,0))),"")) | AB53: =IF(D53="","",IFERROR(1/(1/INDEX(CONFIG!$K$5:$K$14,MATCH(D53,CONFIG!$D$5:$D$14,0))),"")) | AC53: =IF(N(M53)=0,"",IF(AA53="","Sin spec",IF(AND(Y53>=AA53,OR(AB53="",Z53>=AB53)),"CUMPLE","NO CUMPLE")&IF(V53=""," (est.)",""))) | AD53: =IF(F53="","",IF(COUNTIFS(ABSORCION!$C$5:$C$1004,F53,ABSORCION!$I$5:$I$1004,">0")=0,"",AVERAGEIFS(ABSORCION!$I$5:$I$1004,ABSORCION!$C$5:$C$1004,F53,ABSORCION!$I$5:$I$1004,">0"))) | AE53: =IF(F53="","",IF(COUNTIFS(ABSORCION!$C$5:$C$1004,F53,ABSORCION!$I$5:$I$1004,">0")=0,"",AVERAGEIFS(ABSORCION!$K$5:$K$1004,ABSORCION!$C$5:$C$1004,F53,ABSORCION!$I$5:$I$1004,">0"))) | AF53: =IF(AE53="","",IF(AE53>=CONFIG!$E$21,CONFIG!$F$21,IF(AE53>=CONFIG!$E$20,CONFIG!$F$20,CONFIG!$F$19))) | AG53: =IF(F53="","",TRIM(IF(N(M53)=0,"Sin ensayos. ","")&IF(AND(N(M53)>0,N(M53)<CONFIG!$B$26),"Menos de "&CONFIG!$B$26&" probetas. ","")&IF(N(T53)>CONFIG!$B$25,"CV alto. ","")&IF(AND(N(AD53)>0,N(AD53)>N(AF53)),"Absorción alta. ",""))) | AH53: =IF(AND(N(M53)>0,OR(CONTROL!$C$4="TODAS",C53=CONTROL!$C$4),D53=CONTROL!$C$5),MAX($AH$4:AH52)+1,"") | AI53: =IF(AH53="","",P53^2)
A54: =IF(B54="","",ROW()-4) | F54: =IF(OR(B54="",C54="",D54=""),"",IFERROR(INDEX(CONFIG!$E$5:$E$14,MATCH(D54,CONFIG!$D$5:$D$14,0)),"?")&RIGHT("0"&DAY(B54),2)&RIGHT("0"&MONTH(B54),2)&RIGHT(YEAR(B54),2)&C54&IF(E54="","","-"&E54)) | M54: =IF(F54="","",COUNTIFS(ENSAYOS!$C$5:$C$3004,F54,ENSAYOS!$Q$5:$Q$3004,">0")) | N54: =IF(N(M54)=0,"",_xlfn.MINIFS(ENSAYOS!$G$5:$G$3004,ENSAYOS!$C$5:$C$3004,F54,ENSAYOS!$Q$5:$Q$3004,">0")) | O54: =IF(N(M54)=0,"",_xlfn.MAXIFS(ENSAYOS!$G$5:$G$3004,ENSAYOS!$C$5:$C$3004,F54,ENSAYOS!$Q$5:$Q$3004,">0")) | P54: =IF(N(M54)=0,"",AVERAGEIFS(ENSAYOS!$Q$5:$Q$3004,ENSAYOS!$C$5:$C$3004,F54,ENSAYOS!$Q$5:$Q$3004,">0")) | Q54: =IF(N(M54)=0,"",_xlfn.MINIFS(ENSAYOS!$Q$5:$Q$3004,ENSAYOS!$C$5:$C$3004,F54,ENSAYOS!$Q$5:$Q$3004,">0")) | R54: =IF(N(M54)=0,"",_xlfn.MAXIFS(ENSAYOS!$Q$5:$Q$3004,ENSAYOS!$C$5:$C$3004,F54,ENSAYOS!$Q$5:$Q$3004,">0")) | S54: =IF(N(M54)<2,"",SQRT(MAX(0,(SUMIFS(ENSAYOS!$X$5:$X$3004,ENSAYOS!$C$5:$C$3004,F54,ENSAYOS!$Q$5:$Q$3004,">0")-M54*P54^2)/(M54-1)))) | T54: =IF(S54="","",S54/P54) | U54: =IF(N(M54)=0,"",IF(N54>=CONFIG!$B$27,"",AVERAGEIFS(ENSAYOS!$Q$5:$Q$3004,ENSAYOS!$C$5:$C$3004,F54,ENSAYOS!$Q$5:$Q$3004,">0",ENSAYOS!$G$5:$G$3004,N54))) | V54: =IF(N(M54)=0,"",IF(COUNTIFS(ENSAYOS!$C$5:$C$3004,F54,ENSAYOS!$Q$5:$Q$3004,">0",ENSAYOS!$G$5:$G$3004,">="&CONFIG!$B$27)=0,"",AVERAGEIFS(ENSAYOS!$Q$5:$Q$3004,ENSAYOS!$C$5:$C$3004,F54,ENSAYOS!$Q$5:$Q$3004,">0",ENSAYOS!$G$5:$G$3004,">="&CONFIG!$B$27))) | W54: =IF(AND(U54<>"",V54<>""),U54/V54,"") | X54: =IF(U54="","",INDEX('CURVA EDAD'!$E$5:$E$32,MIN(28,MAX(1,N54)))) | Y54: =IF(V54<>"",V54,IF(U54="","",U54/X54)) | Z54: =IF(V54<>"",_xlfn.MINIFS(ENSAYOS!$Q$5:$Q$3004,ENSAYOS!$C$5:$C$3004,F54,ENSAYOS!$Q$5:$Q$3004,">0",ENSAYOS!$G$5:$G$3004,">="&CONFIG!$B$27),IF(U54="","",_xlfn.MINIFS(ENSAYOS!$Q$5:$Q$3004,ENSAYOS!$C$5:$C$3004,F54,ENSAYOS!$Q$5:$Q$3004,">0",ENSAYOS!$G$5:$G$3004,N54)/X54)) | AA54: =IF(D54="","",IFERROR(1/(1/INDEX(CONFIG!$J$5:$J$14,MATCH(D54,CONFIG!$D$5:$D$14,0))),"")) | AB54: =IF(D54="","",IFERROR(1/(1/INDEX(CONFIG!$K$5:$K$14,MATCH(D54,CONFIG!$D$5:$D$14,0))),"")) | AC54: =IF(N(M54)=0,"",IF(AA54="","Sin spec",IF(AND(Y54>=AA54,OR(AB54="",Z54>=AB54)),"CUMPLE","NO CUMPLE")&IF(V54=""," (est.)",""))) | AD54: =IF(F54="","",IF(COUNTIFS(ABSORCION!$C$5:$C$1004,F54,ABSORCION!$I$5:$I$1004,">0")=0,"",AVERAGEIFS(ABSORCION!$I$5:$I$1004,ABSORCION!$C$5:$C$1004,F54,ABSORCION!$I$5:$I$1004,">0"))) | AE54: =IF(F54="","",IF(COUNTIFS(ABSORCION!$C$5:$C$1004,F54,ABSORCION!$I$5:$I$1004,">0")=0,"",AVERAGEIFS(ABSORCION!$K$5:$K$1004,ABSORCION!$C$5:$C$1004,F54,ABSORCION!$I$5:$I$1004,">0"))) | AF54: =IF(AE54="","",IF(AE54>=CONFIG!$E$21,CONFIG!$F$21,IF(AE54>=CONFIG!$E$20,CONFIG!$F$20,CONFIG!$F$19))) | AG54: =IF(F54="","",TRIM(IF(N(M54)=0,"Sin ensayos. ","")&IF(AND(N(M54)>0,N(M54)<CONFIG!$B$26),"Menos de "&CONFIG!$B$26&" probetas. ","")&IF(N(T54)>CONFIG!$B$25,"CV alto. ","")&IF(AND(N(AD54)>0,N(AD54)>N(AF54)),"Absorción alta. ",""))) | AH54: =IF(AND(N(M54)>0,OR(CONTROL!$C$4="TODAS",C54=CONTROL!$C$4),D54=CONTROL!$C$5),MAX($AH$4:AH53)+1,"") | AI54: =IF(AH54="","",P54^2)
A55: =IF(B55="","",ROW()-4) | F55: =IF(OR(B55="",C55="",D55=""),"",IFERROR(INDEX(CONFIG!$E$5:$E$14,MATCH(D55,CONFIG!$D$5:$D$14,0)),"?")&RIGHT("0"&DAY(B55),2)&RIGHT("0"&MONTH(B55),2)&RIGHT(YEAR(B55),2)&C55&IF(E55="","","-"&E55)) | M55: =IF(F55="","",COUNTIFS(ENSAYOS!$C$5:$C$3004,F55,ENSAYOS!$Q$5:$Q$3004,">0")) | N55: =IF(N(M55)=0,"",_xlfn.MINIFS(ENSAYOS!$G$5:$G$3004,ENSAYOS!$C$5:$C$3004,F55,ENSAYOS!$Q$5:$Q$3004,">0")) | O55: =IF(N(M55)=0,"",_xlfn.MAXIFS(ENSAYOS!$G$5:$G$3004,ENSAYOS!$C$5:$C$3004,F55,ENSAYOS!$Q$5:$Q$3004,">0")) | P55: =IF(N(M55)=0,"",AVERAGEIFS(ENSAYOS!$Q$5:$Q$3004,ENSAYOS!$C$5:$C$3004,F55,ENSAYOS!$Q$5:$Q$3004,">0")) | Q55: =IF(N(M55)=0,"",_xlfn.MINIFS(ENSAYOS!$Q$5:$Q$3004,ENSAYOS!$C$5:$C$3004,F55,ENSAYOS!$Q$5:$Q$3004,">0")) | R55: =IF(N(M55)=0,"",_xlfn.MAXIFS(ENSAYOS!$Q$5:$Q$3004,ENSAYOS!$C$5:$C$3004,F55,ENSAYOS!$Q$5:$Q$3004,">0")) | S55: =IF(N(M55)<2,"",SQRT(MAX(0,(SUMIFS(ENSAYOS!$X$5:$X$3004,ENSAYOS!$C$5:$C$3004,F55,ENSAYOS!$Q$5:$Q$3004,">0")-M55*P55^2)/(M55-1)))) | T55: =IF(S55="","",S55/P55) | U55: =IF(N(M55)=0,"",IF(N55>=CONFIG!$B$27,"",AVERAGEIFS(ENSAYOS!$Q$5:$Q$3004,ENSAYOS!$C$5:$C$3004,F55,ENSAYOS!$Q$5:$Q$3004,">0",ENSAYOS!$G$5:$G$3004,N55))) | V55: =IF(N(M55)=0,"",IF(COUNTIFS(ENSAYOS!$C$5:$C$3004,F55,ENSAYOS!$Q$5:$Q$3004,">0",ENSAYOS!$G$5:$G$3004,">="&CONFIG!$B$27)=0,"",AVERAGEIFS(ENSAYOS!$Q$5:$Q$3004,ENSAYOS!$C$5:$C$3004,F55,ENSAYOS!$Q$5:$Q$3004,">0",ENSAYOS!$G$5:$G$3004,">="&CONFIG!$B$27))) | W55: =IF(AND(U55<>"",V55<>""),U55/V55,"") | X55: =IF(U55="","",INDEX('CURVA EDAD'!$E$5:$E$32,MIN(28,MAX(1,N55)))) | Y55: =IF(V55<>"",V55,IF(U55="","",U55/X55)) | Z55: =IF(V55<>"",_xlfn.MINIFS(ENSAYOS!$Q$5:$Q$3004,ENSAYOS!$C$5:$C$3004,F55,ENSAYOS!$Q$5:$Q$3004,">0",ENSAYOS!$G$5:$G$3004,">="&CONFIG!$B$27),IF(U55="","",_xlfn.MINIFS(ENSAYOS!$Q$5:$Q$3004,ENSAYOS!$C$5:$C$3004,F55,ENSAYOS!$Q$5:$Q$3004,">0",ENSAYOS!$G$5:$G$3004,N55)/X55)) | AA55: =IF(D55="","",IFERROR(1/(1/INDEX(CONFIG!$J$5:$J$14,MATCH(D55,CONFIG!$D$5:$D$14,0))),"")) | AB55: =IF(D55="","",IFERROR(1/(1/INDEX(CONFIG!$K$5:$K$14,MATCH(D55,CONFIG!$D$5:$D$14,0))),"")) | AC55: =IF(N(M55)=0,"",IF(AA55="","Sin spec",IF(AND(Y55>=AA55,OR(AB55="",Z55>=AB55)),"CUMPLE","NO CUMPLE")&IF(V55=""," (est.)",""))) | AD55: =IF(F55="","",IF(COUNTIFS(ABSORCION!$C$5:$C$1004,F55,ABSORCION!$I$5:$I$1004,">0")=0,"",AVERAGEIFS(ABSORCION!$I$5:$I$1004,ABSORCION!$C$5:$C$1004,F55,ABSORCION!$I$5:$I$1004,">0"))) | AE55: =IF(F55="","",IF(COUNTIFS(ABSORCION!$C$5:$C$1004,F55,ABSORCION!$I$5:$I$1004,">0")=0,"",AVERAGEIFS(ABSORCION!$K$5:$K$1004,ABSORCION!$C$5:$C$1004,F55,ABSORCION!$I$5:$I$1004,">0"))) | AF55: =IF(AE55="","",IF(AE55>=CONFIG!$E$21,CONFIG!$F$21,IF(AE55>=CONFIG!$E$20,CONFIG!$F$20,CONFIG!$F$19))) | AG55: =IF(F55="","",TRIM(IF(N(M55)=0,"Sin ensayos. ","")&IF(AND(N(M55)>0,N(M55)<CONFIG!$B$26),"Menos de "&CONFIG!$B$26&" probetas. ","")&IF(N(T55)>CONFIG!$B$25,"CV alto. ","")&IF(AND(N(AD55)>0,N(AD55)>N(AF55)),"Absorción alta. ",""))) | AH55: =IF(AND(N(M55)>0,OR(CONTROL!$C$4="TODAS",C55=CONTROL!$C$4),D55=CONTROL!$C$5),MAX($AH$4:AH54)+1,"") | AI55: =IF(AH55="","",P55^2)
A56: =IF(B56="","",ROW()-4) | F56: =IF(OR(B56="",C56="",D56=""),"",IFERROR(INDEX(CONFIG!$E$5:$E$14,MATCH(D56,CONFIG!$D$5:$D$14,0)),"?")&RIGHT("0"&DAY(B56),2)&RIGHT("0"&MONTH(B56),2)&RIGHT(YEAR(B56),2)&C56&IF(E56="","","-"&E56)) | M56: =IF(F56="","",COUNTIFS(ENSAYOS!$C$5:$C$3004,F56,ENSAYOS!$Q$5:$Q$3004,">0")) | N56: =IF(N(M56)=0,"",_xlfn.MINIFS(ENSAYOS!$G$5:$G$3004,ENSAYOS!$C$5:$C$3004,F56,ENSAYOS!$Q$5:$Q$3004,">0")) | O56: =IF(N(M56)=0,"",_xlfn.MAXIFS(ENSAYOS!$G$5:$G$3004,ENSAYOS!$C$5:$C$3004,F56,ENSAYOS!$Q$5:$Q$3004,">0")) | P56: =IF(N(M56)=0,"",AVERAGEIFS(ENSAYOS!$Q$5:$Q$3004,ENSAYOS!$C$5:$C$3004,F56,ENSAYOS!$Q$5:$Q$3004,">0")) | Q56: =IF(N(M56)=0,"",_xlfn.MINIFS(ENSAYOS!$Q$5:$Q$3004,ENSAYOS!$C$5:$C$3004,F56,ENSAYOS!$Q$5:$Q$3004,">0")) | R56: =IF(N(M56)=0,"",_xlfn.MAXIFS(ENSAYOS!$Q$5:$Q$3004,ENSAYOS!$C$5:$C$3004,F56,ENSAYOS!$Q$5:$Q$3004,">0")) | S56: =IF(N(M56)<2,"",SQRT(MAX(0,(SUMIFS(ENSAYOS!$X$5:$X$3004,ENSAYOS!$C$5:$C$3004,F56,ENSAYOS!$Q$5:$Q$3004,">0")-M56*P56^2)/(M56-1)))) | T56: =IF(S56="","",S56/P56) | U56: =IF(N(M56)=0,"",IF(N56>=CONFIG!$B$27,"",AVERAGEIFS(ENSAYOS!$Q$5:$Q$3004,ENSAYOS!$C$5:$C$3004,F56,ENSAYOS!$Q$5:$Q$3004,">0",ENSAYOS!$G$5:$G$3004,N56))) | V56: =IF(N(M56)=0,"",IF(COUNTIFS(ENSAYOS!$C$5:$C$3004,F56,ENSAYOS!$Q$5:$Q$3004,">0",ENSAYOS!$G$5:$G$3004,">="&CONFIG!$B$27)=0,"",AVERAGEIFS(ENSAYOS!$Q$5:$Q$3004,ENSAYOS!$C$5:$C$3004,F56,ENSAYOS!$Q$5:$Q$3004,">0",ENSAYOS!$G$5:$G$3004,">="&CONFIG!$B$27))) | W56: =IF(AND(U56<>"",V56<>""),U56/V56,"") | X56: =IF(U56="","",INDEX('CURVA EDAD'!$E$5:$E$32,MIN(28,MAX(1,N56)))) | Y56: =IF(V56<>"",V56,IF(U56="","",U56/X56)) | Z56: =IF(V56<>"",_xlfn.MINIFS(ENSAYOS!$Q$5:$Q$3004,ENSAYOS!$C$5:$C$3004,F56,ENSAYOS!$Q$5:$Q$3004,">0",ENSAYOS!$G$5:$G$3004,">="&CONFIG!$B$27),IF(U56="","",_xlfn.MINIFS(ENSAYOS!$Q$5:$Q$3004,ENSAYOS!$C$5:$C$3004,F56,ENSAYOS!$Q$5:$Q$3004,">0",ENSAYOS!$G$5:$G$3004,N56)/X56)) | AA56: =IF(D56="","",IFERROR(1/(1/INDEX(CONFIG!$J$5:$J$14,MATCH(D56,CONFIG!$D$5:$D$14,0))),"")) | AB56: =IF(D56="","",IFERROR(1/(1/INDEX(CONFIG!$K$5:$K$14,MATCH(D56,CONFIG!$D$5:$D$14,0))),"")) | AC56: =IF(N(M56)=0,"",IF(AA56="","Sin spec",IF(AND(Y56>=AA56,OR(AB56="",Z56>=AB56)),"CUMPLE","NO CUMPLE")&IF(V56=""," (est.)",""))) | AD56: =IF(F56="","",IF(COUNTIFS(ABSORCION!$C$5:$C$1004,F56,ABSORCION!$I$5:$I$1004,">0")=0,"",AVERAGEIFS(ABSORCION!$I$5:$I$1004,ABSORCION!$C$5:$C$1004,F56,ABSORCION!$I$5:$I$1004,">0"))) | AE56: =IF(F56="","",IF(COUNTIFS(ABSORCION!$C$5:$C$1004,F56,ABSORCION!$I$5:$I$1004,">0")=0,"",AVERAGEIFS(ABSORCION!$K$5:$K$1004,ABSORCION!$C$5:$C$1004,F56,ABSORCION!$I$5:$I$1004,">0"))) | AF56: =IF(AE56="","",IF(AE56>=CONFIG!$E$21,CONFIG!$F$21,IF(AE56>=CONFIG!$E$20,CONFIG!$F$20,CONFIG!$F$19))) | AG56: =IF(F56="","",TRIM(IF(N(M56)=0,"Sin ensayos. ","")&IF(AND(N(M56)>0,N(M56)<CONFIG!$B$26),"Menos de "&CONFIG!$B$26&" probetas. ","")&IF(N(T56)>CONFIG!$B$25,"CV alto. ","")&IF(AND(N(AD56)>0,N(AD56)>N(AF56)),"Absorción alta. ",""))) | AH56: =IF(AND(N(M56)>0,OR(CONTROL!$C$4="TODAS",C56=CONTROL!$C$4),D56=CONTROL!$C$5),MAX($AH$4:AH55)+1,"") | AI56: =IF(AH56="","",P56^2)
A57: =IF(B57="","",ROW()-4) | F57: =IF(OR(B57="",C57="",D57=""),"",IFERROR(INDEX(CONFIG!$E$5:$E$14,MATCH(D57,CONFIG!$D$5:$D$14,0)),"?")&RIGHT("0"&DAY(B57),2)&RIGHT("0"&MONTH(B57),2)&RIGHT(YEAR(B57),2)&C57&IF(E57="","","-"&E57)) | M57: =IF(F57="","",COUNTIFS(ENSAYOS!$C$5:$C$3004,F57,ENSAYOS!$Q$5:$Q$3004,">0")) | N57: =IF(N(M57)=0,"",_xlfn.MINIFS(ENSAYOS!$G$5:$G$3004,ENSAYOS!$C$5:$C$3004,F57,ENSAYOS!$Q$5:$Q$3004,">0")) | O57: =IF(N(M57)=0,"",_xlfn.MAXIFS(ENSAYOS!$G$5:$G$3004,ENSAYOS!$C$5:$C$3004,F57,ENSAYOS!$Q$5:$Q$3004,">0")) | P57: =IF(N(M57)=0,"",AVERAGEIFS(ENSAYOS!$Q$5:$Q$3004,ENSAYOS!$C$5:$C$3004,F57,ENSAYOS!$Q$5:$Q$3004,">0")) | Q57: =IF(N(M57)=0,"",_xlfn.MINIFS(ENSAYOS!$Q$5:$Q$3004,ENSAYOS!$C$5:$C$3004,F57,ENSAYOS!$Q$5:$Q$3004,">0")) | R57: =IF(N(M57)=0,"",_xlfn.MAXIFS(ENSAYOS!$Q$5:$Q$3004,ENSAYOS!$C$5:$C$3004,F57,ENSAYOS!$Q$5:$Q$3004,">0")) | S57: =IF(N(M57)<2,"",SQRT(MAX(0,(SUMIFS(ENSAYOS!$X$5:$X$3004,ENSAYOS!$C$5:$C$3004,F57,ENSAYOS!$Q$5:$Q$3004,">0")-M57*P57^2)/(M57-1)))) | T57: =IF(S57="","",S57/P57) | U57: =IF(N(M57)=0,"",IF(N57>=CONFIG!$B$27,"",AVERAGEIFS(ENSAYOS!$Q$5:$Q$3004,ENSAYOS!$C$5:$C$3004,F57,ENSAYOS!$Q$5:$Q$3004,">0",ENSAYOS!$G$5:$G$3004,N57))) | V57: =IF(N(M57)=0,"",IF(COUNTIFS(ENSAYOS!$C$5:$C$3004,F57,ENSAYOS!$Q$5:$Q$3004,">0",ENSAYOS!$G$5:$G$3004,">="&CONFIG!$B$27)=0,"",AVERAGEIFS(ENSAYOS!$Q$5:$Q$3004,ENSAYOS!$C$5:$C$3004,F57,ENSAYOS!$Q$5:$Q$3004,">0",ENSAYOS!$G$5:$G$3004,">="&CONFIG!$B$27))) | W57: =IF(AND(U57<>"",V57<>""),U57/V57,"") | X57: =IF(U57="","",INDEX('CURVA EDAD'!$E$5:$E$32,MIN(28,MAX(1,N57)))) | Y57: =IF(V57<>"",V57,IF(U57="","",U57/X57)) | Z57: =IF(V57<>"",_xlfn.MINIFS(ENSAYOS!$Q$5:$Q$3004,ENSAYOS!$C$5:$C$3004,F57,ENSAYOS!$Q$5:$Q$3004,">0",ENSAYOS!$G$5:$G$3004,">="&CONFIG!$B$27),IF(U57="","",_xlfn.MINIFS(ENSAYOS!$Q$5:$Q$3004,ENSAYOS!$C$5:$C$3004,F57,ENSAYOS!$Q$5:$Q$3004,">0",ENSAYOS!$G$5:$G$3004,N57)/X57)) | AA57: =IF(D57="","",IFERROR(1/(1/INDEX(CONFIG!$J$5:$J$14,MATCH(D57,CONFIG!$D$5:$D$14,0))),"")) | AB57: =IF(D57="","",IFERROR(1/(1/INDEX(CONFIG!$K$5:$K$14,MATCH(D57,CONFIG!$D$5:$D$14,0))),"")) | AC57: =IF(N(M57)=0,"",IF(AA57="","Sin spec",IF(AND(Y57>=AA57,OR(AB57="",Z57>=AB57)),"CUMPLE","NO CUMPLE")&IF(V57=""," (est.)",""))) | AD57: =IF(F57="","",IF(COUNTIFS(ABSORCION!$C$5:$C$1004,F57,ABSORCION!$I$5:$I$1004,">0")=0,"",AVERAGEIFS(ABSORCION!$I$5:$I$1004,ABSORCION!$C$5:$C$1004,F57,ABSORCION!$I$5:$I$1004,">0"))) | AE57: =IF(F57="","",IF(COUNTIFS(ABSORCION!$C$5:$C$1004,F57,ABSORCION!$I$5:$I$1004,">0")=0,"",AVERAGEIFS(ABSORCION!$K$5:$K$1004,ABSORCION!$C$5:$C$1004,F57,ABSORCION!$I$5:$I$1004,">0"))) | AF57: =IF(AE57="","",IF(AE57>=CONFIG!$E$21,CONFIG!$F$21,IF(AE57>=CONFIG!$E$20,CONFIG!$F$20,CONFIG!$F$19))) | AG57: =IF(F57="","",TRIM(IF(N(M57)=0,"Sin ensayos. ","")&IF(AND(N(M57)>0,N(M57)<CONFIG!$B$26),"Menos de "&CONFIG!$B$26&" probetas. ","")&IF(N(T57)>CONFIG!$B$25,"CV alto. ","")&IF(AND(N(AD57)>0,N(AD57)>N(AF57)),"Absorción alta. ",""))) | AH57: =IF(AND(N(M57)>0,OR(CONTROL!$C$4="TODAS",C57=CONTROL!$C$4),D57=CONTROL!$C$5),MAX($AH$4:AH56)+1,"") | AI57: =IF(AH57="","",P57^2)
A58: =IF(B58="","",ROW()-4) | F58: =IF(OR(B58="",C58="",D58=""),"",IFERROR(INDEX(CONFIG!$E$5:$E$14,MATCH(D58,CONFIG!$D$5:$D$14,0)),"?")&RIGHT("0"&DAY(B58),2)&RIGHT("0"&MONTH(B58),2)&RIGHT(YEAR(B58),2)&C58&IF(E58="","","-"&E58)) | M58: =IF(F58="","",COUNTIFS(ENSAYOS!$C$5:$C$3004,F58,ENSAYOS!$Q$5:$Q$3004,">0")) | N58: =IF(N(M58)=0,"",_xlfn.MINIFS(ENSAYOS!$G$5:$G$3004,ENSAYOS!$C$5:$C$3004,F58,ENSAYOS!$Q$5:$Q$3004,">0")) | O58: =IF(N(M58)=0,"",_xlfn.MAXIFS(ENSAYOS!$G$5:$G$3004,ENSAYOS!$C$5:$C$3004,F58,ENSAYOS!$Q$5:$Q$3004,">0")) | P58: =IF(N(M58)=0,"",AVERAGEIFS(ENSAYOS!$Q$5:$Q$3004,ENSAYOS!$C$5:$C$3004,F58,ENSAYOS!$Q$5:$Q$3004,">0")) | Q58: =IF(N(M58)=0,"",_xlfn.MINIFS(ENSAYOS!$Q$5:$Q$3004,ENSAYOS!$C$5:$C$3004,F58,ENSAYOS!$Q$5:$Q$3004,">0")) | R58: =IF(N(M58)=0,"",_xlfn.MAXIFS(ENSAYOS!$Q$5:$Q$3004,ENSAYOS!$C$5:$C$3004,F58,ENSAYOS!$Q$5:$Q$3004,">0")) | S58: =IF(N(M58)<2,"",SQRT(MAX(0,(SUMIFS(ENSAYOS!$X$5:$X$3004,ENSAYOS!$C$5:$C$3004,F58,ENSAYOS!$Q$5:$Q$3004,">0")-M58*P58^2)/(M58-1)))) | T58: =IF(S58="","",S58/P58) | U58: =IF(N(M58)=0,"",IF(N58>=CONFIG!$B$27,"",AVERAGEIFS(ENSAYOS!$Q$5:$Q$3004,ENSAYOS!$C$5:$C$3004,F58,ENSAYOS!$Q$5:$Q$3004,">0",ENSAYOS!$G$5:$G$3004,N58))) | V58: =IF(N(M58)=0,"",IF(COUNTIFS(ENSAYOS!$C$5:$C$3004,F58,ENSAYOS!$Q$5:$Q$3004,">0",ENSAYOS!$G$5:$G$3004,">="&CONFIG!$B$27)=0,"",AVERAGEIFS(ENSAYOS!$Q$5:$Q$3004,ENSAYOS!$C$5:$C$3004,F58,ENSAYOS!$Q$5:$Q$3004,">0",ENSAYOS!$G$5:$G$3004,">="&CONFIG!$B$27))) | W58: =IF(AND(U58<>"",V58<>""),U58/V58,"") | X58: =IF(U58="","",INDEX('CURVA EDAD'!$E$5:$E$32,MIN(28,MAX(1,N58)))) | Y58: =IF(V58<>"",V58,IF(U58="","",U58/X58)) | Z58: =IF(V58<>"",_xlfn.MINIFS(ENSAYOS!$Q$5:$Q$3004,ENSAYOS!$C$5:$C$3004,F58,ENSAYOS!$Q$5:$Q$3004,">0",ENSAYOS!$G$5:$G$3004,">="&CONFIG!$B$27),IF(U58="","",_xlfn.MINIFS(ENSAYOS!$Q$5:$Q$3004,ENSAYOS!$C$5:$C$3004,F58,ENSAYOS!$Q$5:$Q$3004,">0",ENSAYOS!$G$5:$G$3004,N58)/X58)) | AA58: =IF(D58="","",IFERROR(1/(1/INDEX(CONFIG!$J$5:$J$14,MATCH(D58,CONFIG!$D$5:$D$14,0))),"")) | AB58: =IF(D58="","",IFERROR(1/(1/INDEX(CONFIG!$K$5:$K$14,MATCH(D58,CONFIG!$D$5:$D$14,0))),"")) | AC58: =IF(N(M58)=0,"",IF(AA58="","Sin spec",IF(AND(Y58>=AA58,OR(AB58="",Z58>=AB58)),"CUMPLE","NO CUMPLE")&IF(V58=""," (est.)",""))) | AD58: =IF(F58="","",IF(COUNTIFS(ABSORCION!$C$5:$C$1004,F58,ABSORCION!$I$5:$I$1004,">0")=0,"",AVERAGEIFS(ABSORCION!$I$5:$I$1004,ABSORCION!$C$5:$C$1004,F58,ABSORCION!$I$5:$I$1004,">0"))) | AE58: =IF(F58="","",IF(COUNTIFS(ABSORCION!$C$5:$C$1004,F58,ABSORCION!$I$5:$I$1004,">0")=0,"",AVERAGEIFS(ABSORCION!$K$5:$K$1004,ABSORCION!$C$5:$C$1004,F58,ABSORCION!$I$5:$I$1004,">0"))) | AF58: =IF(AE58="","",IF(AE58>=CONFIG!$E$21,CONFIG!$F$21,IF(AE58>=CONFIG!$E$20,CONFIG!$F$20,CONFIG!$F$19))) | AG58: =IF(F58="","",TRIM(IF(N(M58)=0,"Sin ensayos. ","")&IF(AND(N(M58)>0,N(M58)<CONFIG!$B$26),"Menos de "&CONFIG!$B$26&" probetas. ","")&IF(N(T58)>CONFIG!$B$25,"CV alto. ","")&IF(AND(N(AD58)>0,N(AD58)>N(AF58)),"Absorción alta. ",""))) | AH58: =IF(AND(N(M58)>0,OR(CONTROL!$C$4="TODAS",C58=CONTROL!$C$4),D58=CONTROL!$C$5),MAX($AH$4:AH57)+1,"") | AI58: =IF(AH58="","",P58^2)
... A1004: =IF(B1004="","",ROW()-4) | F1004: =IF(OR(B1004="",C1004="",D1004=""),"",IFERROR(INDEX(CONFIG!$E$5:$E$14,MATCH(D1004,CONFIG!$D$5:$D$14,0)),"?")&RIGHT("0"&DAY(B1004),2)&RIGHT("0"&MONTH(B1004),2)&RIGHT(YEAR(B1004),2)&C1004&IF(E1004="","","-"&E1004)) | M1004: =IF(F1004="","",COUNTIFS(ENSAYOS!$C$5:$C$3004,F1004,ENSAYOS!$Q$5:$Q$3004,">0")) | N1004: =IF(N(M1004)=0,"",_xlfn.MINIFS(ENSAYOS!$G$5:$G$3004,ENSAYOS!$C$5:$C$3004,F1004,ENSAYOS!$Q$5:$Q$3004,">0")) | O1004: =IF(N(M1004)=0,"",_xlfn.MAXIFS(ENSAYOS!$G$5:$G$3004,ENSAYOS!$C$5:$C$3004,F1004,ENSAYOS!$Q$5:$Q$3004,">0")) | P1004: =IF(N(M1004)=0,"",AVERAGEIFS(ENSAYOS!$Q$5:$Q$3004,ENSAYOS!$C$5:$C$3004,F1004,ENSAYOS!$Q$5:$Q$3004,">0")) | Q1004: =IF(N(M1004)=0,"",_xlfn.MINIFS(ENSAYOS!$Q$5:$Q$3004,ENSAYOS!$C$5:$C$3004,F1004,ENSAYOS!$Q$5:$Q$3004,">0")) | R1004: =IF(N(M1004)=0,"",_xlfn.MAXIFS(ENSAYOS!$Q$5:$Q$3004,ENSAYOS!$C$5:$C$3004,F1004,ENSAYOS!$Q$5:$Q$3004,">0")) | S1004: =IF(N(M1004)<2,"",SQRT(MAX(0,(SUMIFS(ENSAYOS!$X$5:$X$3004,ENSAYOS!$C$5:$C$3004,F1004,ENSAYOS!$Q$5:$Q$3004,">0")-M1004*P1004^2)/(M1004-1)))) | T1004: =IF(S1004="","",S1004/P1004) | U1004: =IF(N(M1004)=0,"",IF(N1004>=CONFIG!$B$27,"",AVERAGEIFS(ENSAYOS!$Q$5:$Q$3004,ENSAYOS!$C$5:$C$3004,F1004,ENSAYOS!$Q$5:$Q$3004,">0",ENSAYOS!$G$5:$G$3004,N1004))) | V1004: =IF(N(M1004)=0,"",IF(COUNTIFS(ENSAYOS!$C$5:$C$3004,F1004,ENSAYOS!$Q$5:$Q$3004,">0",ENSAYOS!$G$5:$G$3004,">="&CONFIG!$B$27)=0,"",AVERAGEIFS(ENSAYOS!$Q$5:$Q$3004,ENSAYOS!$C$5:$C$3004,F1004,ENSAYOS!$Q$5:$Q$3004,">0",ENSAYOS!$G$5:$G$3004,">="&CONFIG!$B$27))) | W1004: =IF(AND(U1004<>"",V1004<>""),U1004/V1004,"") | X1004: =IF(U1004="","",INDEX('CURVA EDAD'!$E$5:$E$32,MIN(28,MAX(1,N1004)))) | Y1004: =IF(V1004<>"",V1004,IF(U1004="","",U1004/X1004)) | Z1004: =IF(V1004<>"",_xlfn.MINIFS(ENSAYOS!$Q$5:$Q$3004,ENSAYOS!$C$5:$C$3004,F1004,ENSAYOS!$Q$5:$Q$3004,">0",ENSAYOS!$G$5:$G$3004,">="&CONFIG!$B$27),IF(U1004="","",_xlfn.MINIFS(ENSAYOS!$Q$5:$Q$3004,ENSAYOS!$C$5:$C$3004,F1004,ENSAYOS!$Q$5:$Q$3004,">0",ENSAYOS!$G$5:$G$3004,N1004)/X1004)) | AA1004: =IF(D1004="","",IFERROR(1/(1/INDEX(CONFIG!$J$5:$J$14,MATCH(D1004,CONFIG!$D$5:$D$14,0))),"")) | AB1004: =IF(D1004="","",IFERROR(1/(1/INDEX(CONFIG!$K$5:$K$14,MATCH(D1004,CONFIG!$D$5:$D$14,0))),"")) | AC1004: =IF(N(M1004)=0,"",IF(AA1004="","Sin spec",IF(AND(Y1004>=AA1004,OR(AB1004="",Z1004>=AB1004)),"CUMPLE","NO CUMPLE")&IF(V1004=""," (est.)",""))) | AD1004: =IF(F1004="","",IF(COUNTIFS(ABSORCION!$C$5:$C$1004,F1004,ABSORCION!$I$5:$I$1004,">0")=0,"",AVERAGEIFS(ABSORCION!$I$5:$I$1004,ABSORCION!$C$5:$C$1004,F1004,ABSORCION!$I$5:$I$1004,">0"))) | AE1004: =IF(F1004="","",IF(COUNTIFS(ABSORCION!$C$5:$C$1004,F1004,ABSORCION!$I$5:$I$1004,">0")=0,"",AVERAGEIFS(ABSORCION!$K$5:$K$1004,ABSORCION!$C$5:$C$1004,F1004,ABSORCION!$I$5:$I$1004,">0"))) | AF1004: =IF(AE1004="","",IF(AE1004>=CONFIG!$E$21,CONFIG!$F$21,IF(AE1004>=CONFIG!$E$20,CONFIG!$F$20,CONFIG!$F$19))) | AG1004: =IF(F1004="","",TRIM(IF(N(M1004)=0,"Sin ensayos. ","")&IF(AND(N(M1004)>0,N(M1004)<CONFIG!$B$26),"Menos de "&CONFIG!$B$26&" probetas. ","")&IF(N(T1004)>CONFIG!$B$25,"CV alto. ","")&IF(AND(N(AD1004)>0,N(AD1004)>N(AF1004)),"Absorción alta. ",""))) | AH1004: =IF(AND(N(M1004)>0,OR(CONTROL!$C$4="TODAS",C1004=CONTROL!$C$4),D1004=CONTROL!$C$5),MAX($AH$4:AH1003)+1,"") | AI1004: =IF(AH1004="","",P1004^2)

Sheet ENSAYOS
A1: REGISTRO DE ENSAYOS A COMPRESIÓN (una fila por probeta)
A2: Llena: Fecha rotura, Lote (lista), Cliente, Obra, Conduce, medidas, Peso, Carga, Condición y Tipo de falla. Si dejas medidas vacías se usan las nominales de CONFIG.
A4: N° | B4: Fecha rotura | C4: N° LOTE | D4: Producto | E4: Máquina | F4: Fecha producción | G4: Edad (días) | H4: Cliente | I4: Obra | J4: Conduce / Factura | K4: Ancho (cm) | L4: Alto (cm) | M4: Largo (cm) | N4: Peso (kg) | O4: Carga (kg) | P4: Área bruta (cm²) | Q4: Resistencia bruta (kg/cm²) | R4: Resistencia (MPa) | S4: Resistencia área neta (kg/cm²) | T4: Condición del bloque | U4: Tipo de falla | V4: Observaciones | W4: Realizado por | X4: aux R² | Y4: aux cert.
A5: =IF(C5="","",ROW()-4) -> 1 | B5: 45554 | C5: 8160924P1 | D5: =IF(C5="","",IFERROR(INDEX(LOTES!$D$5:$D$1004,MATCH(C5,LOTES!$F$5:$F$1004,0)),"¿Lote?")) -> Block 8" | E5: =IF(C5="","",IFERROR(INDEX(LOTES!$C$5:$C$1004,MATCH(C5,LOTES!$F$5:$F$1004,0)),"")) -> P1 | F5: =IF(C5="","",IFERROR(INDEX(LOTES!$B$5:$B$1004,MATCH(C5,LOTES!$F$5:$F$1004,0)),"")) -> 45551 | G5: =IF(OR(B5="",F5=""),"",B5-F5) -> 3 | H5: EQUINOCCIO BAVARO SA | I5: LOPESAN CEIBA | K5: 19.4 | L5: 19.4 | M5: 39.4 | O5: 75187 | P5: =IF(O5="","",IFERROR(1/(1/(IF(K5="",INDEX(CONFIG!$F$5:$F$14,MATCH(D5,CONFIG!$D$5:$D$14,0)),K5)*IF(M5="",INDEX(CONFIG!$H$5:$H$14,MATCH(D5,CONFIG!$D$5:$D$14,0)),M5))),"")) -> 764.36 | Q5: =IF(OR(O5="",P5=""),"",O5/P5) -> 98.365953 | R5: =IF(Q5="","",Q5*0.0980665) -> 9.6464048 | S5: =IF(Q5="","",IFERROR(Q5/(1/(1/INDEX(CONFIG!$I$5:$I$14,MATCH(D5,CONFIG!$D$5:$D$14,0)))),"")) | X5: =IF(Q5="","",Q5^2) -> 9675.8608 | Y5: =IF(AND(C5<>"",C5=CERTIFICADO!$E$4,OR(CERTIFICADO!$E$5="",B5=CERTIFICADO!$E$5)),MAX($Y$4:Y4)+1,"")
A6: =IF(C6="","",ROW()-4) -> 2 | B6: 45554 | C6: 8160924P1 | D6: =IF(C6="","",IFERROR(INDEX(LOTES!$D$5:$D$1004,MATCH(C6,LOTES!$F$5:$F$1004,0)),"¿Lote?")) -> Block 8" | E6: =IF(C6="","",IFERROR(INDEX(LOTES!$C$5:$C$1004,MATCH(C6,LOTES!$F$5:$F$1004,0)),"")) -> P1 | F6: =IF(C6="","",IFERROR(INDEX(LOTES!$B$5:$B$1004,MATCH(C6,LOTES!$F$5:$F$1004,0)),"")) -> 45551 | G6: =IF(OR(B6="",F6=""),"",B6-F6) -> 3 | H6: EQUINOCCIO BAVARO SA | I6: LOPESAN CEIBA | K6: 19.4 | L6: 19.4 | M6: 39.4 | O6: 61116 | P6: =IF(O6="","",IFERROR(1/(1/(IF(K6="",INDEX(CONFIG!$F$5:$F$14,MATCH(D6,CONFIG!$D$5:$D$14,0)),K6)*IF(M6="",INDEX(CONFIG!$H$5:$H$14,MATCH(D6,CONFIG!$D$5:$D$14,0)),M6))),"")) -> 764.36 | Q6: =IF(OR(O6="",P6=""),"",O6/P6) -> 79.957088 | R6: =IF(Q6="","",Q6*0.0980665) -> 7.8411118 | S6: =IF(Q6="","",IFERROR(Q6/(1/(1/INDEX(CONFIG!$I$5:$I$14,MATCH(D6,CONFIG!$D$5:$D$14,0)))),"")) | X6: =IF(Q6="","",Q6^2) -> 6393.136 | Y6: =IF(AND(C6<>"",C6=CERTIFICADO!$E$4,OR(CERTIFICADO!$E$5="",B6=CERTIFICADO!$E$5)),MAX($Y$4:Y5)+1,"")
A7: =IF(C7="","",ROW()-4) -> 3 | B7: 45554 | C7: 8160924P1 | D7: =IF(C7="","",IFERROR(INDEX(LOTES!$D$5:$D$1004,MATCH(C7,LOTES!$F$5:$F$1004,0)),"¿Lote?")) -> Block 8" | E7: =IF(C7="","",IFERROR(INDEX(LOTES!$C$5:$C$1004,MATCH(C7,LOTES!$F$5:$F$1004,0)),"")) -> P1 | F7: =IF(C7="","",IFERROR(INDEX(LOTES!$B$5:$B$1004,MATCH(C7,LOTES!$F$5:$F$1004,0)),"")) -> 45551 | G7: =IF(OR(B7="",F7=""),"",B7-F7) -> 3 | H7: EQUINOCCIO BAVARO SA | I7: LOPESAN CEIBA | K7: 19.4 | L7: 19.4 | M7: 39.4 | O7: 55574 | P7: =IF(O7="","",IFERROR(1/(1/(IF(K7="",INDEX(CONFIG!$F$5:$F$14,MATCH(D7,CONFIG!$D$5:$D$14,0)),K7)*IF(M7="",INDEX(CONFIG!$H$5:$H$14,MATCH(D7,CONFIG!$D$5:$D$14,0)),M7))),"")) -> 764.36 | Q7: =IF(OR(O7="",P7=""),"",O7/P7) -> 72.706578 | R7: =IF(Q7="","",Q7*0.0980665) -> 7.1300796 | S7: =IF(Q7="","",IFERROR(Q7/(1/(1/INDEX(CONFIG!$I$5:$I$14,MATCH(D7,CONFIG!$D$5:$D$14,0)))),"")) | X7: =IF(Q7="","",Q7^2) -> 5286.2465 | Y7: =IF(AND(C7<>"",C7=CERTIFICADO!$E$4,OR(CERTIFICADO!$E$5="",B7=CERTIFICADO!$E$5)),MAX($Y$4:Y6)+1,"")
A8: =IF(C8="","",ROW()-4) -> 4 | B8: 45554 | C8: 8160924P1 | D8: =IF(C8="","",IFERROR(INDEX(LOTES!$D$5:$D$1004,MATCH(C8,LOTES!$F$5:$F$1004,0)),"¿Lote?")) -> Block 8" | E8: =IF(C8="","",IFERROR(INDEX(LOTES!$C$5:$C$1004,MATCH(C8,LOTES!$F$5:$F$1004,0)),"")) -> P1 | F8: =IF(C8="","",IFERROR(INDEX(LOTES!$B$5:$B$1004,MATCH(C8,LOTES!$F$5:$F$1004,0)),"")) -> 45551 | G8: =IF(OR(B8="",F8=""),"",B8-F8) -> 3 | H8: EQUINOCCIO BAVARO SA | I8: LOPESAN CEIBA | K8: 19.4 | L8: 19.4 | M8: 39.4 | O8: 59348 | P8: =IF(O8="","",IFERROR(1/(1/(IF(K8="",INDEX(CONFIG!$F$5:$F$14,MATCH(D8,CONFIG!$D$5:$D$14,0)),K8)*IF(M8="",INDEX(CONFIG!$H$5:$H$14,MATCH(D8,CONFIG!$D$5:$D$14,0)),M8))),"")) -> 764.36 | Q8: =IF(OR(O8="",P8=""),"",O8/P8) -> 77.644042 | R8: =IF(Q8="","",Q8*0.0980665) -> 7.6142795 | S8: =IF(Q8="","",IFERROR(Q8/(1/(1/INDEX(CONFIG!$I$5:$I$14,MATCH(D8,CONFIG!$D$5:$D$14,0)))),"")) | X8: =IF(Q8="","",Q8^2) -> 6028.5973 | Y8: =IF(AND(C8<>"",C8=CERTIFICADO!$E$4,OR(CERTIFICADO!$E$5="",B8=CERTIFICADO!$E$5)),MAX($Y$4:Y7)+1,"")
A9: =IF(C9="","",ROW()-4) -> 5 | B9: 45554 | C9: 8160924P1 | D9: =IF(C9="","",IFERROR(INDEX(LOTES!$D$5:$D$1004,MATCH(C9,LOTES!$F$5:$F$1004,0)),"¿Lote?")) -> Block 8" | E9: =IF(C9="","",IFERROR(INDEX(LOTES!$C$5:$C$1004,MATCH(C9,LOTES!$F$5:$F$1004,0)),"")) -> P1 | F9: =IF(C9="","",IFERROR(INDEX(LOTES!$B$5:$B$1004,MATCH(C9,LOTES!$F$5:$F$1004,0)),"")) -> 45551 | G9: =IF(OR(B9="",F9=""),"",B9-F9) -> 3 | H9: EQUINOCCIO BAVARO SA | I9: LOPESAN CEIBA | O9: 44000 | P9: =IF(O9="","",IFERROR(1/(1/(IF(K9="",INDEX(CONFIG!$F$5:$F$14,MATCH(D9,CONFIG!$D$5:$D$14,0)),K9)*IF(M9="",INDEX(CONFIG!$H$5:$H$14,MATCH(D9,CONFIG!$D$5:$D$14,0)),M9))),"")) -> 770.25 | Q9: =IF(OR(O9="",P9=""),"",O9/P9) -> 57.12431 | R9: =IF(Q9="","",Q9*0.0980665) -> 5.6019812 | S9: =IF(Q9="","",IFERROR(Q9/(1/(1/INDEX(CONFIG!$I$5:$I$14,MATCH(D9,CONFIG!$D$5:$D$14,0)))),"")) | X9: =IF(Q9="","",Q9^2) -> 3263.1868 | Y9: =IF(AND(C9<>"",C9=CERTIFICADO!$E$4,OR(CERTIFICADO!$E$5="",B9=CERTIFICADO!$E$5)),MAX($Y$4:Y8)+1,"")
A10: =IF(C10="","",ROW()-4) -> 6 | B10: 45615 | C10: 8161124P1 | D10: =IF(C10="","",IFERROR(INDEX(LOTES!$D$5:$D$1004,MATCH(C10,LOTES!$F$5:$F$1004,0)),"¿Lote?")) -> Block 8" | E10: =IF(C10="","",IFERROR(INDEX(LOTES!$C$5:$C$1004,MATCH(C10,LOTES!$F$5:$F$1004,0)),"")) -> P1 | F10: =IF(C10="","",IFERROR(INDEX(LOTES!$B$5:$B$1004,MATCH(C10,LOTES!$F$5:$F$1004,0)),"")) -> 45612 | G10: =IF(OR(B10="",F10=""),"",B10-F10) -> 3 | H10: EQUINOCCIO BAVARO SA | I10: LOPESAN CEIBA | J10: 1682 | K10: 19.4 | L10: 19.4 | M10: 39.4 | O10: 62790 | P10: =IF(O10="","",IFERROR(1/(1/(IF(K10="",INDEX(CONFIG!$F$5:$F$14,MATCH(D10,CONFIG!$D$5:$D$14,0)),K10)*IF(M10="",INDEX(CONFIG!$H$5:$H$14,MATCH(D10,CONFIG!$D$5:$D$14,0)),M10))),"")) -> 764.36 | Q10: =IF(OR(O10="",P10=""),"",O10/P10) -> 82.147156 | R10: =IF(Q10="","",Q10*0.0980665) -> 8.0558841 | S10: =IF(Q10="","",IFERROR(Q10/(1/(1/INDEX(CONFIG!$I$5:$I$14,MATCH(D10,CONFIG!$D$5:$D$14,0)))),"")) | X10: =IF(Q10="","",Q10^2) -> 6748.1552 | Y10: =IF(AND(C10<>"",C10=CERTIFICADO!$E$4,OR(CERTIFICADO!$E$5="",B10=CERTIFICADO!$E$5)),MAX($Y$4:Y9)+1,"")
A11: =IF(C11="","",ROW()-4) -> 7 | B11: 45615 | C11: 8161124P1 | D11: =IF(C11="","",IFERROR(INDEX(LOTES!$D$5:$D$1004,MATCH(C11,LOTES!$F$5:$F$1004,0)),"¿Lote?")) -> Block 8" | E11: =IF(C11="","",IFERROR(INDEX(LOTES!$C$5:$C$1004,MATCH(C11,LOTES!$F$5:$F$1004,0)),"")) -> P1 | F11: =IF(C11="","",IFERROR(INDEX(LOTES!$B$5:$B$1004,MATCH(C11,LOTES!$F$5:$F$1004,0)),"")) -> 45612 | G11: =IF(OR(B11="",F11=""),"",B11-F11) -> 3 | H11: EQUINOCCIO BAVARO SA | I11: LOPESAN CEIBA | J11: 1682 | K11: 19.4 | L11: 19.4 | M11: 39.4 | O11: 51859 | P11: =IF(O11="","",IFERROR(1/(1/(IF(K11="",INDEX(CONFIG!$F$5:$F$14,MATCH(D11,CONFIG!$D$5:$D$14,0)),K11)*IF(M11="",INDEX(CONFIG!$H$5:$H$14,MATCH(D11,CONFIG!$D$5:$D$14,0)),M11))),"")) -> 764.36 | Q11: =IF(OR(O11="",P11=""),"",O11/P11) -> 67.846303 | R11: =IF(Q11="","",Q11*0.0980665) -> 6.6534495 | S11: =IF(Q11="","",IFERROR(Q11/(1/(1/INDEX(CONFIG!$I$5:$I$14,MATCH(D11,CONFIG!$D$5:$D$14,0)))),"")) | X11: =IF(Q11="","",Q11^2) -> 4603.1208 | Y11: =IF(AND(C11<>"",C11=CERTIFICADO!$E$4,OR(CERTIFICADO!$E$5="",B11=CERTIFICADO!$E$5)),MAX($Y$4:Y10)+1,"")
A12: =IF(C12="","",ROW()-4) -> 8 | B12: 45615 | C12: 8161124P1 | D12: =IF(C12="","",IFERROR(INDEX(LOTES!$D$5:$D$1004,MATCH(C12,LOTES!$F$5:$F$1004,0)),"¿Lote?")) -> Block 8" | E12: =IF(C12="","",IFERROR(INDEX(LOTES!$C$5:$C$1004,MATCH(C12,LOTES!$F$5:$F$1004,0)),"")) -> P1 | F12: =IF(C12="","",IFERROR(INDEX(LOTES!$B$5:$B$1004,MATCH(C12,LOTES!$F$5:$F$1004,0)),"")) -> 45612 | G12: =IF(OR(B12="",F12=""),"",B12-F12) -> 3 | H12: EQUINOCCIO BAVARO SA | I12: LOPESAN CEIBA | J12: 1682 | K12: 19.4 | L12: 19.4 | M12: 39.4 | O12: 75142 | P12: =IF(O12="","",IFERROR(1/(1/(IF(K12="",INDEX(CONFIG!$F$5:$F$14,MATCH(D12,CONFIG!$D$5:$D$14,0)),K12)*IF(M12="",INDEX(CONFIG!$H$5:$H$14,MATCH(D12,CONFIG!$D$5:$D$14,0)),M12))),"")) -> 764.36 | Q12: =IF(OR(O12="",P12=""),"",O12/P12) -> 98.30708 | R12: =IF(Q12="","",Q12*0.0980665) -> 9.6406313 | S12: =IF(Q12="","",IFERROR(Q12/(1/(1/INDEX(CONFIG!$I$5:$I$14,MATCH(D12,CONFIG!$D$5:$D$14,0)))),"")) | X12: =IF(Q12="","",Q12^2) -> 9664.2821 | Y12: =IF(AND(C12<>"",C12=CERTIFICADO!$E$4,OR(CERTIFICADO!$E$5="",B12=CERTIFICADO!$E$5)),MAX($Y$4:Y11)+1,"")
A13: =IF(C13="","",ROW()-4) -> 9 | B13: 45615 | C13: 8161124P1 | D13: =IF(C13="","",IFERROR(INDEX(LOTES!$D$5:$D$1004,MATCH(C13,LOTES!$F$5:$F$1004,0)),"¿Lote?")) -> Block 8" | E13: =IF(C13="","",IFERROR(INDEX(LOTES!$C$5:$C$1004,MATCH(C13,LOTES!$F$5:$F$1004,0)),"")) -> P1 | F13: =IF(C13="","",IFERROR(INDEX(LOTES!$B$5:$B$1004,MATCH(C13,LOTES!$F$5:$F$1004,0)),"")) -> 45612 | G13: =IF(OR(B13="",F13=""),"",B13-F13) -> 3 | H13: EQUINOCCIO BAVARO SA | I13: LOPESAN CEIBA | J13: 1682 | K13: 19.4 | L13: 19.4 | M13: 39.4 | O13: 61883 | P13: =IF(O13="","",IFERROR(1/(1/(IF(K13="",INDEX(CONFIG!$F$5:$F$14,MATCH(D13,CONFIG!$D$5:$D$14,0)),K13)*IF(M13="",INDEX(CONFIG!$H$5:$H$14,MATCH(D13,CONFIG!$D$5:$D$14,0)),M13))),"")) -> 764.36 | Q13: =IF(OR(O13="",P13=""),"",O13/P13) -> 80.960542 | R13: =IF(Q13="","",Q13*0.0980665) -> 7.939517 | S13: =IF(Q13="","",IFERROR(Q13/(1/(1/INDEX(CONFIG!$I$5:$I$14,MATCH(D13,CONFIG!$D$5:$D$14,0)))),"")) | X13: =IF(Q13="","",Q13^2) -> 6554.6094 | Y13: =IF(AND(C13<>"",C13=CERTIFICADO!$E$4,OR(CERTIFICADO!$E$5="",B13=CERTIFICADO!$E$5)),MAX($Y$4:Y12)+1,"")
A14: =IF(C14="","",ROW()-4) -> 10 | B14: 45615 | C14: 8161124P1 | D14: =IF(C14="","",IFERROR(INDEX(LOTES!$D$5:$D$1004,MATCH(C14,LOTES!$F$5:$F$1004,0)),"¿Lote?")) -> Block 8" | E14: =IF(C14="","",IFERROR(INDEX(LOTES!$C$5:$C$1004,MATCH(C14,LOTES!$F$5:$F$1004,0)),"")) -> P1 | F14: =IF(C14="","",IFERROR(INDEX(LOTES!$B$5:$B$1004,MATCH(C14,LOTES!$F$5:$F$1004,0)),"")) -> 45612 | G14: =IF(OR(B14="",F14=""),"",B14-F14) -> 3 | H14: EQUINOCCIO BAVARO SA | I14: LOPESAN CEIBA | J14: 1682 | K14: 19.4 | L14: 19.4 | M14: 39.4 | O14: 71059 | P14: =IF(O14="","",IFERROR(1/(1/(IF(K14="",INDEX(CONFIG!$F$5:$F$14,MATCH(D14,CONFIG!$D$5:$D$14,0)),K14)*IF(M14="",INDEX(CONFIG!$H$5:$H$14,MATCH(D14,CONFIG!$D$5:$D$14,0)),M14))),"")) -> 764.36 | Q14: =IF(OR(O14="",P14=""),"",O14/P14) -> 92.965357 | R14: =IF(Q14="","",Q14*0.0980665) -> 9.1167871 | S14: =IF(Q14="","",IFERROR(Q14/(1/(1/INDEX(CONFIG!$I$5:$I$14,MATCH(D14,CONFIG!$D$5:$D$14,0)))),"")) | X14: =IF(Q14="","",Q14^2) -> 8642.5575 | Y14: =IF(AND(C14<>"",C14=CERTIFICADO!$E$4,OR(CERTIFICADO!$E$5="",B14=CERTIFICADO!$E$5)),MAX($Y$4:Y13)+1,"")
A15: =IF(C15="","",ROW()-4) -> 11 | B15: 45615 | C15: 8161124P1 | D15: =IF(C15="","",IFERROR(INDEX(LOTES!$D$5:$D$1004,MATCH(C15,LOTES!$F$5:$F$1004,0)),"¿Lote?")) -> Block 8" | E15: =IF(C15="","",IFERROR(INDEX(LOTES!$C$5:$C$1004,MATCH(C15,LOTES!$F$5:$F$1004,0)),"")) -> P1 | F15: =IF(C15="","",IFERROR(INDEX(LOTES!$B$5:$B$1004,MATCH(C15,LOTES!$F$5:$F$1004,0)),"")) -> 45612 | G15: =IF(OR(B15="",F15=""),"",B15-F15) -> 3 | H15: EQUINOCCIO BAVARO SA | I15: LOPESAN CEIBA | J15: 1682 | K15: 19.4 | L15: 19.4 | M15: 39.4 | O15: 65117 | P15: =IF(O15="","",IFERROR(1/(1/(IF(K15="",INDEX(CONFIG!$F$5:$F$14,MATCH(D15,CONFIG!$D$5:$D$14,0)),K15)*IF(M15="",INDEX(CONFIG!$H$5:$H$14,MATCH(D15,CONFIG!$D$5:$D$14,0)),M15))),"")) -> 764.36 | Q15: =IF(OR(O15="",P15=""),"",O15/P15) -> 85.191533 | R15: =IF(Q15="","",Q15*0.0980665) -> 8.3544354 | S15: =IF(Q15="","",IFERROR(Q15/(1/(1/INDEX(CONFIG!$I$5:$I$14,MATCH(D15,CONFIG!$D$5:$D$14,0)))),"")) | X15: =IF(Q15="","",Q15^2) -> 7257.5973 | Y15: =IF(AND(C15<>"",C15=CERTIFICADO!$E$4,OR(CERTIFICADO!$E$5="",B15=CERTIFICADO!$E$5)),MAX($Y$4:Y14)+1,"")
A16: =IF(C16="","",ROW()-4) -> 12 | B16: 45615 | C16: 8161124P1 | D16: =IF(C16="","",IFERROR(INDEX(LOTES!$D$5:$D$1004,MATCH(C16,LOTES!$F$5:$F$1004,0)),"¿Lote?")) -> Block 8" | E16: =IF(C16="","",IFERROR(INDEX(LOTES!$C$5:$C$1004,MATCH(C16,LOTES!$F$5:$F$1004,0)),"")) -> P1 | F16: =IF(C16="","",IFERROR(INDEX(LOTES!$B$5:$B$1004,MATCH(C16,LOTES!$F$5:$F$1004,0)),"")) -> 45612 | G16: =IF(OR(B16="",F16=""),"",B16-F16) -> 3 | H16: EQUINOCCIO BAVARO SA | I16: LOPESAN CEIBA | J16: 1682 | K16: 19.4 | L16: 19.4 | M16: 39.4 | O16: 60223 | P16: =IF(O16="","",IFERROR(1/(1/(IF(K16="",INDEX(CONFIG!$F$5:$F$14,MATCH(D16,CONFIG!$D$5:$D$14,0)),K16)*IF(M16="",INDEX(CONFIG!$H$5:$H$14,MATCH(D16,CONFIG!$D$5:$D$14,0)),M16))),"")) -> 764.36 | Q16: =IF(OR(O16="",P16=""),"",O16/P16) -> 78.788791 | R16: =IF(Q16="","",Q16*0.0980665) -> 7.7265409 | S16: =IF(Q16="","",IFERROR(Q16/(1/(1/INDEX(CONFIG!$I$5:$I$14,MATCH(D16,CONFIG!$D$5:$D$14,0)))),"")) | X16: =IF(Q16="","",Q16^2) -> 6207.6735 | Y16: =IF(AND(C16<>"",C16=CERTIFICADO!$E$4,OR(CERTIFICADO!$E$5="",B16=CERTIFICADO!$E$5)),MAX($Y$4:Y15)+1,"")
A17: =IF(C17="","",ROW()-4) -> 13 | B17: 45615 | C17: 8161124P1 | D17: =IF(C17="","",IFERROR(INDEX(LOTES!$D$5:$D$1004,MATCH(C17,LOTES!$F$5:$F$1004,0)),"¿Lote?")) -> Block 8" | E17: =IF(C17="","",IFERROR(INDEX(LOTES!$C$5:$C$1004,MATCH(C17,LOTES!$F$5:$F$1004,0)),"")) -> P1 | F17: =IF(C17="","",IFERROR(INDEX(LOTES!$B$5:$B$1004,MATCH(C17,LOTES!$F$5:$F$1004,0)),"")) -> 45612 | G17: =IF(OR(B17="",F17=""),"",B17-F17) -> 3 | H17: EQUINOCCIO BAVARO SA | I17: LOPESAN CEIBA | J17: 1682 | K17: 19.4 | L17: 19.4 | M17: 39.4 | O17: 68515 | P17: =IF(O17="","",IFERROR(1/(1/(IF(K17="",INDEX(CONFIG!$F$5:$F$14,MATCH(D17,CONFIG!$D$5:$D$14,0)),K17)*IF(M17="",INDEX(CONFIG!$H$5:$H$14,MATCH(D17,CONFIG!$D$5:$D$14,0)),M17))),"")) -> 764.36 | Q17: =IF(OR(O17="",P17=""),"",O17/P17) -> 89.637082 | R17: =IF(Q17="","",Q17*0.0980665) -> 8.7903949 | S17: =IF(Q17="","",IFERROR(Q17/(1/(1/INDEX(CONFIG!$I$5:$I$14,MATCH(D17,CONFIG!$D$5:$D$14,0)))),"")) | X17: =IF(Q17="","",Q17^2) -> 8034.8065 | Y17: =IF(AND(C17<>"",C17=CERTIFICADO!$E$4,OR(CERTIFICADO!$E$5="",B17=CERTIFICADO!$E$5)),MAX($Y$4:Y16)+1,"")
A18: =IF(C18="","",ROW()-4) -> 14 | B18: 45636 | C18: 8121124P1 | D18: =IF(C18="","",IFERROR(INDEX(LOTES!$D$5:$D$1004,MATCH(C18,LOTES!$F$5:$F$1004,0)),"¿Lote?")) -> Block 8" | E18: =IF(C18="","",IFERROR(INDEX(LOTES!$C$5:$C$1004,MATCH(C18,LOTES!$F$5:$F$1004,0)),"")) -> P1 | F18: =IF(C18="","",IFERROR(INDEX(LOTES!$B$5:$B$1004,MATCH(C18,LOTES!$F$5:$F$1004,0)),"")) -> 45608 | G18: =IF(OR(B18="",F18=""),"",B18-F18) -> 28 | H18: EQUINOCCIO BAVARO SA (CODELPA) | I18: LOPESAN CEIBA | J18: 1952 | K18: 19.5 | L18: 19.5 | M18: 39.5 | O18: 62863 | P18: =IF(O18="","",IFERROR(1/(1/(IF(K18="",INDEX(CONFIG!$F$5:$F$14,MATCH(D18,CONFIG!$D$5:$D$14,0)),K18)*IF(M18="",INDEX(CONFIG!$H$5:$H$14,MATCH(D18,CONFIG!$D$5:$D$14,0)),M18))),"")) -> 770.25 | Q18: =IF(OR(O18="",P18=""),"",O18/P18) -> 81.613762 | R18: =IF(Q18="","",Q18*0.0980665) -> 8.003576 | S18: =IF(Q18="","",IFERROR(Q18/(1/(1/INDEX(CONFIG!$I$5:$I$14,MATCH(D18,CONFIG!$D$5:$D$14,0)))),"")) | X18: =IF(Q18="","",Q18^2) -> 6660.8061 | Y18: =IF(AND(C18<>"",C18=CERTIFICADO!$E$4,OR(CERTIFICADO!$E$5="",B18=CERTIFICADO!$E$5)),MAX($Y$4:Y17)+1,"")
A19: =IF(C19="","",ROW()-4) -> 15 | B19: 45636 | C19: 8121124P1 | D19: =IF(C19="","",IFERROR(INDEX(LOTES!$D$5:$D$1004,MATCH(C19,LOTES!$F$5:$F$1004,0)),"¿Lote?")) -> Block 8" | E19: =IF(C19="","",IFERROR(INDEX(LOTES!$C$5:$C$1004,MATCH(C19,LOTES!$F$5:$F$1004,0)),"")) -> P1 | F19: =IF(C19="","",IFERROR(INDEX(LOTES!$B$5:$B$1004,MATCH(C19,LOTES!$F$5:$F$1004,0)),"")) -> 45608 | G19: =IF(OR(B19="",F19=""),"",B19-F19) -> 28 | H19: EQUINOCCIO BAVARO SA (CODELPA) | I19: LOPESAN CEIBA | J19: 1952 | K19: 19.5 | L19: 19.5 | M19: 39.5 | O19: 55261 | P19: =IF(O19="","",IFERROR(1/(1/(IF(K19="",INDEX(CONFIG!$F$5:$F$14,MATCH(D19,CONFIG!$D$5:$D$14,0)),K19)*IF(M19="",INDEX(CONFIG!$H$5:$H$14,MATCH(D19,CONFIG!$D$5:$D$14,0)),M19))),"")) -> 770.25 | Q19: =IF(OR(O19="",P19=""),"",O19/P19) -> 71.744239 | R19: =IF(Q19="","",Q19*0.0980665) -> 7.0357064 | S19: =IF(Q19="","",IFERROR(Q19/(1/(1/INDEX(CONFIG!$I$5:$I$14,MATCH(D19,CONFIG!$D$5:$D$14,0)))),"")) | X19: =IF(Q19="","",Q19^2) -> 5147.2358 | Y19: =IF(AND(C19<>"",C19=CERTIFICADO!$E$4,OR(CERTIFICADO!$E$5="",B19=CERTIFICADO!$E$5)),MAX($Y$4:Y18)+1,"")
A20: =IF(C20="","",ROW()-4) -> 16 | B20: 45636 | C20: 8121124P1 | D20: =IF(C20="","",IFERROR(INDEX(LOTES!$D$5:$D$1004,MATCH(C20,LOTES!$F$5:$F$1004,0)),"¿Lote?")) -> Block 8" | E20: =IF(C20="","",IFERROR(INDEX(LOTES!$C$5:$C$1004,MATCH(C20,LOTES!$F$5:$F$1004,0)),"")) -> P1 | F20: =IF(C20="","",IFERROR(INDEX(LOTES!$B$5:$B$1004,MATCH(C20,LOTES!$F$5:$F$1004,0)),"")) -> 45608 | G20: =IF(OR(B20="",F20=""),"",B20-F20) -> 28 | H20: EQUINOCCIO BAVARO SA (CODELPA) | I20: LOPESAN CEIBA | J20: 1952 | K20: 19.5 | L20: 19.5 | M20: 39.5 | O20: 55927 | P20: =IF(O20="","",IFERROR(1/(1/(IF(K20="",INDEX(CONFIG!$F$5:$F$14,MATCH(D20,CONFIG!$D$5:$D$14,0)),K20)*IF(M20="",INDEX(CONFIG!$H$5:$H$14,MATCH(D20,CONFIG!$D$5:$D$14,0)),M20))),"")) -> 770.25 | Q20: =IF(OR(O20="",P20=""),"",O20/P20) -> 72.608893 | R20: =IF(Q20="","",Q20*0.0980665) -> 7.1205 | S20: =IF(Q20="","",IFERROR(Q20/(1/(1/INDEX(CONFIG!$I$5:$I$14,MATCH(D20,CONFIG!$D$5:$D$14,0)))),"")) | X20: =IF(Q20="","",Q20^2) -> 5272.0514 | Y20: =IF(AND(C20<>"",C20=CERTIFICADO!$E$4,OR(CERTIFICADO!$E$5="",B20=CERTIFICADO!$E$5)),MAX($Y$4:Y19)+1,"")
A21: =IF(C21="","",ROW()-4) -> 17 | B21: 45636 | C21: 8121124P1 | D21: =IF(C21="","",IFERROR(INDEX(LOTES!$D$5:$D$1004,MATCH(C21,LOTES!$F$5:$F$1004,0)),"¿Lote?")) -> Block 8" | E21: =IF(C21="","",IFERROR(INDEX(LOTES!$C$5:$C$1004,MATCH(C21,LOTES!$F$5:$F$1004,0)),"")) -> P1 | F21: =IF(C21="","",IFERROR(INDEX(LOTES!$B$5:$B$1004,MATCH(C21,LOTES!$F$5:$F$1004,0)),"")) -> 45608 | G21: =IF(OR(B21="",F21=""),"",B21-F21) -> 28 | H21: EQUINOCCIO BAVARO SA (CODELPA) | I21: LOPESAN CEIBA | J21: 1952 | K21: 19.5 | L21: 19.5 | M21: 39.5 | O21: 64990 | P21: =IF(O21="","",IFERROR(1/(1/(IF(K21="",INDEX(CONFIG!$F$5:$F$14,MATCH(D21,CONFIG!$D$5:$D$14,0)),K21)*IF(M21="",INDEX(CONFIG!$H$5:$H$14,MATCH(D21,CONFIG!$D$5:$D$14,0)),M21))),"")) -> 770.25 | Q21: =IF(OR(O21="",P21=""),"",O21/P21) -> 84.375203 | R21: =IF(Q21="","",Q21*0.0980665) -> 8.2743808 | S21: =IF(Q21="","",IFERROR(Q21/(1/(1/INDEX(CONFIG!$I$5:$I$14,MATCH(D21,CONFIG!$D$5:$D$14,0)))),"")) | X21: =IF(Q21="","",Q21^2) -> 7119.1749 | Y21: =IF(AND(C21<>"",C21=CERTIFICADO!$E$4,OR(CERTIFICADO!$E$5="",B21=CERTIFICADO!$E$5)),MAX($Y$4:Y20)+1,"")
... A67: =IF(C67="","",ROW()-4) -> 63 | B67: 45688 | C67: 8231224P1 | D67: =IF(C67="","",IFERROR(INDEX(LOTES!$D$5:$D$1004,MATCH(C67,LOTES!$F$5:$F$1004,0)),"¿Lote?")) -> Block 8" | E67: =IF(C67="","",IFERROR(INDEX(LOTES!$C$5:$C$1004,MATCH(C67,LOTES!$F$5:$F$1004,0)),"")) -> P1 | F67: =IF(C67="","",IFERROR(INDEX(LOTES!$B$5:$B$1004,MATCH(C67,LOTES!$F$5:$F$1004,0)),"")) -> 45649 | G67: =IF(OR(B67="",F67=""),"",B67-F67) -> 39 | H67: EQUINOCCIO BAVARO SA (CODELPA) | I67: LOPESAN CEIBA | J67: 2081 | K67: 19.5 | L67: 19.5 | M67: 39.5 | O67: 58531 | P67: =IF(O67="","",IFERROR(1/(1/(IF(K67="",INDEX(CONFIG!$F$5:$F$14,MATCH(D67,CONFIG!$D$5:$D$14,0)),K67)*IF(M67="",INDEX(CONFIG!$H$5:$H$14,MATCH(D67,CONFIG!$D$5:$D$14,0)),M67))),"")) -> 770.25 | Q67: =IF(OR(O67="",P67=""),"",O67/P67) -> 75.989614 | R67: =IF(Q67="","",Q67*0.0980665) -> 7.4520355 | S67: =IF(Q67="","",IFERROR(Q67/(1/(1/INDEX(CONFIG!$I$5:$I$14,MATCH(D67,CONFIG!$D$5:$D$14,0)))),"")) | X67: =IF(Q67="","",Q67^2) -> 5774.4214 | Y67: =IF(AND(C67<>"",C67=CERTIFICADO!$E$4,OR(CERTIFICADO!$E$5="",B67=CERTIFICADO!$E$5)),MAX($Y$4:Y66)+1,"")
A68: =IF(C68="","",ROW()-4) -> 64 | B68: 45694 | C68: 6030225P2 | D68: =IF(C68="","",IFERROR(INDEX(LOTES!$D$5:$D$1004,MATCH(C68,LOTES!$F$5:$F$1004,0)),"¿Lote?")) -> Block 6" | E68: =IF(C68="","",IFERROR(INDEX(LOTES!$C$5:$C$1004,MATCH(C68,LOTES!$F$5:$F$1004,0)),"")) -> P2 | F68: =IF(C68="","",IFERROR(INDEX(LOTES!$B$5:$B$1004,MATCH(C68,LOTES!$F$5:$F$1004,0)),"")) -> 45691 | G68: =IF(OR(B68="",F68=""),"",B68-F68) -> 3 | H68: EQUINOCCIO BAVARO SA (CODELPA) | I68: LOPESAN CEIBA | J68: 2160-2159 | K68: 14.5 | L68: 19.5 | M68: 39.5 | O68: 45926 | P68: =IF(O68="","",IFERROR(1/(1/(IF(K68="",INDEX(CONFIG!$F$5:$F$14,MATCH(D68,CONFIG!$D$5:$D$14,0)),K68)*IF(M68="",INDEX(CONFIG!$H$5:$H$14,MATCH(D68,CONFIG!$D$5:$D$14,0)),M68))),"")) -> 572.75 | Q68: =IF(OR(O68="",P68=""),"",O68/P68) -> 80.185072 | R68: =IF(Q68="","",Q68*0.0980665) -> 7.8634694 | S68: =IF(Q68="","",IFERROR(Q68/(1/(1/INDEX(CONFIG!$I$5:$I$14,MATCH(D68,CONFIG!$D$5:$D$14,0)))),"")) | T68: Húmedo | V68: BLOQUES HUMEDOS AL MOMENTO DE REALIZAR LA PRUEBA | X68: =IF(Q68="","",Q68^2) -> 6429.6458 | Y68: =IF(AND(C68<>"",C68=CERTIFICADO!$E$4,OR(CERTIFICADO!$E$5="",B68=CERTIFICADO!$E$5)),MAX($Y$4:Y67)+1,"")
A69: =IF(C69="","",ROW()-4) -> 65 | B69: 45694 | C69: 6030225P2 | D69: =IF(C69="","",IFERROR(INDEX(LOTES!$D$5:$D$1004,MATCH(C69,LOTES!$F$5:$F$1004,0)),"¿Lote?")) -> Block 6" | E69: =IF(C69="","",IFERROR(INDEX(LOTES!$C$5:$C$1004,MATCH(C69,LOTES!$F$5:$F$1004,0)),"")) -> P2 | F69: =IF(C69="","",IFERROR(INDEX(LOTES!$B$5:$B$1004,MATCH(C69,LOTES!$F$5:$F$1004,0)),"")) -> 45691 | G69: =IF(OR(B69="",F69=""),"",B69-F69) -> 3 | H69: EQUINOCCIO BAVARO SA (CODELPA) | I69: LOPESAN CEIBA | J69: 2160-2159 | K69: 14.5 | L69: 19.5 | M69: 39.5 | O69: 29814 | P69: =IF(O69="","",IFERROR(1/(1/(IF(K69="",INDEX(CONFIG!$F$5:$F$14,MATCH(D69,CONFIG!$D$5:$D$14,0)),K69)*IF(M69="",INDEX(CONFIG!$H$5:$H$14,MATCH(D69,CONFIG!$D$5:$D$14,0)),M69))),"")) -> 572.75 | Q69: =IF(OR(O69="",P69=""),"",O69/P69) -> 52.054125 | R69: =IF(Q69="","",Q69*0.0980665) -> 5.1047658 | S69: =IF(Q69="","",IFERROR(Q69/(1/(1/INDEX(CONFIG!$I$5:$I$14,MATCH(D69,CONFIG!$D$5:$D$14,0)))),"")) | T69: Húmedo | V69: BLOQUES HUMEDOS AL MOMENTO DE REALIZAR LA PRUEBA | X69: =IF(Q69="","",Q69^2) -> 2709.6319 | Y69: =IF(AND(C69<>"",C69=CERTIFICADO!$E$4,OR(CERTIFICADO!$E$5="",B69=CERTIFICADO!$E$5)),MAX($Y$4:Y68)+1,"")
A70: =IF(C70="","",ROW()-4) -> 66 | B70: 45694 | C70: 6030225P2 | D70: =IF(C70="","",IFERROR(INDEX(LOTES!$D$5:$D$1004,MATCH(C70,LOTES!$F$5:$F$1004,0)),"¿Lote?")) -> Block 6" | E70: =IF(C70="","",IFERROR(INDEX(LOTES!$C$5:$C$1004,MATCH(C70,LOTES!$F$5:$F$1004,0)),"")) -> P2 | F70: =IF(C70="","",IFERROR(INDEX(LOTES!$B$5:$B$1004,MATCH(C70,LOTES!$F$5:$F$1004,0)),"")) -> 45691 | G70: =IF(OR(B70="",F70=""),"",B70-F70) -> 3 | H70: EQUINOCCIO BAVARO SA (CODELPA) | I70: LOPESAN CEIBA | J70: 2160-2159 | K70: 14.5 | L70: 19.5 | M70: 39.5 | O70: 45390 | P70: =IF(O70="","",IFERROR(1/(1/(IF(K70="",INDEX(CONFIG!$F$5:$F$14,MATCH(D70,CONFIG!$D$5:$D$14,0)),K70)*IF(M70="",INDEX(CONFIG!$H$5:$H$14,MATCH(D70,CONFIG!$D$5:$D$14,0)),M70))),"")) -> 572.75 | Q70: =IF(OR(O70="",P70=""),"",O70/P70) -> 79.249236 | R70: =IF(Q70="","",Q70*0.0980665) -> 7.7716952 | S70: =IF(Q70="","",IFERROR(Q70/(1/(1/INDEX(CONFIG!$I$5:$I$14,MATCH(D70,CONFIG!$D$5:$D$14,0)))),"")) | T70: Húmedo | V70: BLOQUES HUMEDOS AL MOMENTO DE REALIZAR LA PRUEBA | X70: =IF(Q70="","",Q70^2) -> 6280.4414 | Y70: =IF(AND(C70<>"",C70=CERTIFICADO!$E$4,OR(CERTIFICADO!$E$5="",B70=CERTIFICADO!$E$5)),MAX($Y$4:Y69)+1,"")
A71: =IF(C71="","",ROW()-4) -> 67 | B71: 45694 | C71: 6030225P2 | D71: =IF(C71="","",IFERROR(INDEX(LOTES!$D$5:$D$1004,MATCH(C71,LOTES!$F$5:$F$1004,0)),"¿Lote?")) -> Block 6" | E71: =IF(C71="","",IFERROR(INDEX(LOTES!$C$5:$C$1004,MATCH(C71,LOTES!$F$5:$F$1004,0)),"")) -> P2 | F71: =IF(C71="","",IFERROR(INDEX(LOTES!$B$5:$B$1004,MATCH(C71,LOTES!$F$5:$F$1004,0)),"")) -> 45691 | G71: =IF(OR(B71="",F71=""),"",B71-F71) -> 3 | H71: EQUINOCCIO BAVARO SA (CODELPA) | I71: LOPESAN CEIBA | J71: 2160-2159 | K71: 14.5 | L71: 19.5 | M71: 39.5 | O71: 34175 | P71: =IF(O71="","",IFERROR(1/(1/(IF(K71="",INDEX(CONFIG!$F$5:$F$14,MATCH(D71,CONFIG!$D$5:$D$14,0)),K71)*IF(M71="",INDEX(CONFIG!$H$5:$H$14,MATCH(D71,CONFIG!$D$5:$D$14,0)),M71))),"")) -> 572.75 | Q71: =IF(OR(O71="",P71=""),"",O71/P71) -> 59.668267 | R71: =IF(Q71="","",Q71*0.0980665) -> 5.8514581 | S71: =IF(Q71="","",IFERROR(Q71/(1/(1/INDEX(CONFIG!$I$5:$I$14,MATCH(D71,CONFIG!$D$5:$D$14,0)))),"")) | T71: Húmedo | V71: BLOQUES HUMEDOS AL MOMENTO DE REALIZAR LA PRUEBA | X71: =IF(Q71="","",Q71^2) -> 3560.3021 | Y71: =IF(AND(C71<>"",C71=CERTIFICADO!$E$4,OR(CERTIFICADO!$E$5="",B71=CERTIFICADO!$E$5)),MAX($Y$4:Y70)+1,"")
A72: =IF(C72="","",ROW()-4) -> 68 | B72: 45694 | C72: 6030225P2 | D72: =IF(C72="","",IFERROR(INDEX(LOTES!$D$5:$D$1004,MATCH(C72,LOTES!$F$5:$F$1004,0)),"¿Lote?")) -> Block 6" | E72: =IF(C72="","",IFERROR(INDEX(LOTES!$C$5:$C$1004,MATCH(C72,LOTES!$F$5:$F$1004,0)),"")) -> P2 | F72: =IF(C72="","",IFERROR(INDEX(LOTES!$B$5:$B$1004,MATCH(C72,LOTES!$F$5:$F$1004,0)),"")) -> 45691 | G72: =IF(OR(B72="",F72=""),"",B72-F72) -> 3 | H72: EQUINOCCIO BAVARO SA (CODELPA) | I72: LOPESAN CEIBA | J72: 2160-2159 | K72: 14.5 | L72: 19.5 | M72: 39.5 | O72: 35352 | P72: =IF(O72="","",IFERROR(1/(1/(IF(K72="",INDEX(CONFIG!$F$5:$F$14,MATCH(D72,CONFIG!$D$5:$D$14,0)),K72)*IF(M72="",INDEX(CONFIG!$H$5:$H$14,MATCH(D72,CONFIG!$D$5:$D$14,0)),M72))),"")) -> 572.75 | Q72: =IF(OR(O72="",P72=""),"",O72/P72) -> 61.723265 | R72: =IF(Q72="","",Q72*0.0980665) -> 6.0529846 | S72: =IF(Q72="","",IFERROR(Q72/(1/(1/INDEX(CONFIG!$I$5:$I$14,MATCH(D72,CONFIG!$D$5:$D$14,0)))),"")) | T72: Húmedo | V72: BLOQUES HUMEDOS AL MOMENTO DE REALIZAR LA PRUEBA | X72: =IF(Q72="","",Q72^2) -> 3809.7614 | Y72: =IF(AND(C72<>"",C72=CERTIFICADO!$E$4,OR(CERTIFICADO!$E$5="",B72=CERTIFICADO!$E$5)),MAX($Y$4:Y71)+1,"")
A73: =IF(C73="","",ROW()-4) -> 69 | B73: 45694 | C73: 6030225P2 | D73: =IF(C73="","",IFERROR(INDEX(LOTES!$D$5:$D$1004,MATCH(C73,LOTES!$F$5:$F$1004,0)),"¿Lote?")) -> Block 6" | E73: =IF(C73="","",IFERROR(INDEX(LOTES!$C$5:$C$1004,MATCH(C73,LOTES!$F$5:$F$1004,0)),"")) -> P2 | F73: =IF(C73="","",IFERROR(INDEX(LOTES!$B$5:$B$1004,MATCH(C73,LOTES!$F$5:$F$1004,0)),"")) -> 45691 | G73: =IF(OR(B73="",F73=""),"",B73-F73) -> 3 | H73: EQUINOCCIO BAVARO SA (CODELPA) | I73: LOPESAN CEIBA | J73: 2160-2159 | K73: 14.5 | L73: 19.5 | M73: 39.5 | O73: 32916 | P73: =IF(O73="","",IFERROR(1/(1/(IF(K73="",INDEX(CONFIG!$F$5:$F$14,MATCH(D73,CONFIG!$D$5:$D$14,0)),K73)*IF(M73="",INDEX(CONFIG!$H$5:$H$14,MATCH(D73,CONFIG!$D$5:$D$14,0)),M73))),"")) -> 572.75 | Q73: =IF(OR(O73="",P73=""),"",O73/P73) -> 57.4701 | R73: =IF(Q73="","",Q73*0.0980665) -> 5.6358916 | S73: =IF(Q73="","",IFERROR(Q73/(1/(1/INDEX(CONFIG!$I$5:$I$14,MATCH(D73,CONFIG!$D$5:$D$14,0)))),"")) | T73: Húmedo | V73: BLOQUES HUMEDOS AL MOMENTO DE REALIZAR LA PRUEBA | X73: =IF(Q73="","",Q73^2) -> 3302.8124 | Y73: =IF(AND(C73<>"",C73=CERTIFICADO!$E$4,OR(CERTIFICADO!$E$5="",B73=CERTIFICADO!$E$5)),MAX($Y$4:Y72)+1,"")
A74: =IF(C74="","",ROW()-4) -> 70 | B74: 45694 | C74: 6030225P2 | D74: =IF(C74="","",IFERROR(INDEX(LOTES!$D$5:$D$1004,MATCH(C74,LOTES!$F$5:$F$1004,0)),"¿Lote?")) -> Block 6" | E74: =IF(C74="","",IFERROR(INDEX(LOTES!$C$5:$C$1004,MATCH(C74,LOTES!$F$5:$F$1004,0)),"")) -> P2 | F74: =IF(C74="","",IFERROR(INDEX(LOTES!$B$5:$B$1004,MATCH(C74,LOTES!$F$5:$F$1004,0)),"")) -> 45691 | G74: =IF(OR(B74="",F74=""),"",B74-F74) -> 3 | H74: EQUINOCCIO BAVARO SA (CODELPA) | I74: LOPESAN CEIBA | J74: 2160-2159 | K74: 14.5 | L74: 19.5 | M74: 39.5 | O74: 40070 | P74: =IF(O74="","",IFERROR(1/(1/(IF(K74="",INDEX(CONFIG!$F$5:$F$14,MATCH(D74,CONFIG!$D$5:$D$14,0)),K74)*IF(M74="",INDEX(CONFIG!$H$5:$H$14,MATCH(D74,CONFIG!$D$5:$D$14,0)),M74))),"")) -> 572.75 | Q74: =IF(OR(O74="",P74=""),"",O74/P74) -> 69.960716 | R74: =IF(Q74="","",Q74*0.0980665) -> 6.8608025 | S74: =IF(Q74="","",IFERROR(Q74/(1/(1/INDEX(CONFIG!$I$5:$I$14,MATCH(D74,CONFIG!$D$5:$D$14,0)))),"")) | T74: Húmedo | V74: BLOQUES HUMEDOS AL MOMENTO DE REALIZAR LA PRUEBA | X74: =IF(Q74="","",Q74^2) -> 4894.5018 | Y74: =IF(AND(C74<>"",C74=CERTIFICADO!$E$4,OR(CERTIFICADO!$E$5="",B74=CERTIFICADO!$E$5)),MAX($Y$4:Y73)+1,"")
A75: =IF(C75="","",ROW()-4) -> 71 | B75: 45699 | C75: 8060225P1 | D75: =IF(C75="","",IFERROR(INDEX(LOTES!$D$5:$D$1004,MATCH(C75,LOTES!$F$5:$F$1004,0)),"¿Lote?")) -> Block 8" | E75: =IF(C75="","",IFERROR(INDEX(LOTES!$C$5:$C$1004,MATCH(C75,LOTES!$F$5:$F$1004,0)),"")) -> P1 | F75: =IF(C75="","",IFERROR(INDEX(LOTES!$B$5:$B$1004,MATCH(C75,LOTES!$F$5:$F$1004,0)),"")) -> 45694 | G75: =IF(OR(B75="",F75=""),"",B75-F75) -> 5 | H75: EQUINOCCIO BAVARO SA (CODELPA) | I75: LOPESAN CEIBA | J75: 2186-2187 | K75: 19.5 | L75: 19.5 | M75: 39.5 | O75: 67104 | P75: =IF(O75="","",IFERROR(1/(1/(IF(K75="",INDEX(CONFIG!$F$5:$F$14,MATCH(D75,CONFIG!$D$5:$D$14,0)),K75)*IF(M75="",INDEX(CONFIG!$H$5:$H$14,MATCH(D75,CONFIG!$D$5:$D$14,0)),M75))),"")) -> 770.25 | Q75: =IF(OR(O75="",P75=""),"",O75/P75) -> 87.119766 | R75: =IF(Q75="","",Q75*0.0980665) -> 8.5435306 | S75: =IF(Q75="","",IFERROR(Q75/(1/(1/INDEX(CONFIG!$I$5:$I$14,MATCH(D75,CONFIG!$D$5:$D$14,0)))),"")) | X75: =IF(Q75="","",Q75^2) -> 7589.8537 | Y75: =IF(AND(C75<>"",C75=CERTIFICADO!$E$4,OR(CERTIFICADO!$E$5="",B75=CERTIFICADO!$E$5)),MAX($Y$4:Y74)+1,"")
A76: =IF(C76="","",ROW()-4) -> 72 | B76: 45699 | C76: 8060225P1 | D76: =IF(C76="","",IFERROR(INDEX(LOTES!$D$5:$D$1004,MATCH(C76,LOTES!$F$5:$F$1004,0)),"¿Lote?")) -> Block 8" | E76: =IF(C76="","",IFERROR(INDEX(LOTES!$C$5:$C$1004,MATCH(C76,LOTES!$F$5:$F$1004,0)),"")) -> P1 | F76: =IF(C76="","",IFERROR(INDEX(LOTES!$B$5:$B$1004,MATCH(C76,LOTES!$F$5:$F$1004,0)),"")) -> 45694 | G76: =IF(OR(B76="",F76=""),"",B76-F76) -> 5 | H76: EQUINOCCIO BAVARO SA (CODELPA) | I76: LOPESAN CEIBA | J76: 2186-2187 | K76: 19.5 | L76: 19.5 | M76: 39.5 | O76: 70891 | P76: =IF(O76="","",IFERROR(1/(1/(IF(K76="",INDEX(CONFIG!$F$5:$F$14,MATCH(D76,CONFIG!$D$5:$D$14,0)),K76)*IF(M76="",INDEX(CONFIG!$H$5:$H$14,MATCH(D76,CONFIG!$D$5:$D$14,0)),M76))),"")) -> 770.25 | Q76: =IF(OR(O76="",P76=""),"",O76/P76) -> 92.036352 | R76: =IF(Q76="","",Q76*0.0980665) -> 9.0256829 | S76: =IF(Q76="","",IFERROR(Q76/(1/(1/INDEX(CONFIG!$I$5:$I$14,MATCH(D76,CONFIG!$D$5:$D$14,0)))),"")) | X76: =IF(Q76="","",Q76^2) -> 8470.6901 | Y76: =IF(AND(C76<>"",C76=CERTIFICADO!$E$4,OR(CERTIFICADO!$E$5="",B76=CERTIFICADO!$E$5)),MAX($Y$4:Y75)+1,"")
A77: =IF(C77="","",ROW()-4) -> 73 | B77: 45699 | C77: 8060225P1 | D77: =IF(C77="","",IFERROR(INDEX(LOTES!$D$5:$D$1004,MATCH(C77,LOTES!$F$5:$F$1004,0)),"¿Lote?")) -> Block 8" | E77: =IF(C77="","",IFERROR(INDEX(LOTES!$C$5:$C$1004,MATCH(C77,LOTES!$F$5:$F$1004,0)),"")) -> P1 | F77: =IF(C77="","",IFERROR(INDEX(LOTES!$B$5:$B$1004,MATCH(C77,LOTES!$F$5:$F$1004,0)),"")) -> 45694 | G77: =IF(OR(B77="",F77=""),"",B77-F77) -> 5 | H77: EQUINOCCIO BAVARO SA (CODELPA) | I77: LOPESAN CEIBA | J77: 2186-2187 | K77: 19.5 | L77: 19.5 | M77: 39.5 | O77: 68809 | P77: =IF(O77="","",IFERROR(1/(1/(IF(K77="",INDEX(CONFIG!$F$5:$F$14,MATCH(D77,CONFIG!$D$5:$D$14,0)),K77)*IF(M77="",INDEX(CONFIG!$H$5:$H$14,MATCH(D77,CONFIG!$D$5:$D$14,0)),M77))),"")) -> 770.25 | Q77: =IF(OR(O77="",P77=""),"",O77/P77) -> 89.333333 | R77: =IF(Q77="","",Q77*0.0980665) -> 8.7606073 | S77: =IF(Q77="","",IFERROR(Q77/(1/(1/INDEX(CONFIG!$I$5:$I$14,MATCH(D77,CONFIG!$D$5:$D$14,0)))),"")) | X77: =IF(Q77="","",Q77^2) -> 7980.4444 | Y77: =IF(AND(C77<>"",C77=CERTIFICADO!$E$4,OR(CERTIFICADO!$E$5="",B77=CERTIFICADO!$E$5)),MAX($Y$4:Y76)+1,"")
A78: =IF(C78="","",ROW()-4) -> 74 | B78: 45699 | C78: 8060225P1 | D78: =IF(C78="","",IFERROR(INDEX(LOTES!$D$5:$D$1004,MATCH(C78,LOTES!$F$5:$F$1004,0)),"¿Lote?")) -> Block 8" | E78: =IF(C78="","",IFERROR(INDEX(LOTES!$C$5:$C$1004,MATCH(C78,LOTES!$F$5:$F$1004,0)),"")) -> P1 | F78: =IF(C78="","",IFERROR(INDEX(LOTES!$B$5:$B$1004,MATCH(C78,LOTES!$F$5:$F$1004,0)),"")) -> 45694 | G78: =IF(OR(B78="",F78=""),"",B78-F78) -> 5 | H78: EQUINOCCIO BAVARO SA (CODELPA) | I78: LOPESAN CEIBA | J78: 2186-2187 | K78: 19.5 | L78: 19.5 | M78: 39.5 | O78: 63598 | P78: =IF(O78="","",IFERROR(1/(1/(IF(K78="",INDEX(CONFIG!$F$5:$F$14,MATCH(D78,CONFIG!$D$5:$D$14,0)),K78)*IF(M78="",INDEX(CONFIG!$H$5:$H$14,MATCH(D78,CONFIG!$D$5:$D$14,0)),M78))),"")) -> 770.25 | Q78: =IF(OR(O78="",P78=""),"",O78/P78) -> 82.567997 | R78: =IF(Q78="","",Q78*0.0980665) -> 8.0971545 | S78: =IF(Q78="","",IFERROR(Q78/(1/(1/INDEX(CONFIG!$I$5:$I$14,MATCH(D78,CONFIG!$D$5:$D$14,0)))),"")) | X78: =IF(Q78="","",Q78^2) -> 6817.4742 | Y78: =IF(AND(C78<>"",C78=CERTIFICADO!$E$4,OR(CERTIFICADO!$E$5="",B78=CERTIFICADO!$E$5)),MAX($Y$4:Y77)+1,"")
A79: =IF(C79="","",ROW()-4) -> 75 | B79: 45701 | C79: 8110225P1 | D79: =IF(C79="","",IFERROR(INDEX(LOTES!$D$5:$D$1004,MATCH(C79,LOTES!$F$5:$F$1004,0)),"¿Lote?")) -> Block 8" | E79: =IF(C79="","",IFERROR(INDEX(LOTES!$C$5:$C$1004,MATCH(C79,LOTES!$F$5:$F$1004,0)),"")) -> P1 | F79: =IF(C79="","",IFERROR(INDEX(LOTES!$B$5:$B$1004,MATCH(C79,LOTES!$F$5:$F$1004,0)),"")) -> 45699 | G79: =IF(OR(B79="",F79=""),"",B79-F79) -> 2 | H79: EQUINOCCIO BAVARO SA (CODELPA) | I79: LOPESAN CEIBA | J79: 2207 | K79: 19.5 | L79: 19.5 | M79: 39.5 | O79: 42737 | P79: =IF(O79="","",IFERROR(1/(1/(IF(K79="",INDEX(CONFIG!$F$5:$F$14,MATCH(D79,CONFIG!$D$5:$D$14,0)),K79)*IF(M79="",INDEX(CONFIG!$H$5:$H$14,MATCH(D79,CONFIG!$D$5:$D$14,0)),M79))),"")) -> 770.25 | Q79: =IF(OR(O79="",P79=""),"",O79/P79) -> 55.484583 | R79: =IF(Q79="","",Q79*0.0980665) -> 5.4411789 | S79: =IF(Q79="","",IFERROR(Q79/(1/(1/INDEX(CONFIG!$I$5:$I$14,MATCH(D79,CONFIG!$D$5:$D$14,0)))),"")) | X79: =IF(Q79="","",Q79^2) -> 3078.5389 | Y79: =IF(AND(C79<>"",C79=CERTIFICADO!$E$4,OR(CERTIFICADO!$E$5="",B79=CERTIFICADO!$E$5)),MAX($Y$4:Y78)+1,"")
A80: =IF(C80="","",ROW()-4) -> 76 | B80: 45701 | C80: 8110225P1 | D80: =IF(C80="","",IFERROR(INDEX(LOTES!$D$5:$D$1004,MATCH(C80,LOTES!$F$5:$F$1004,0)),"¿Lote?")) -> Block 8" | E80: =IF(C80="","",IFERROR(INDEX(LOTES!$C$5:$C$1004,MATCH(C80,LOTES!$F$5:$F$1004,0)),"")) -> P1 | F80: =IF(C80="","",IFERROR(INDEX(LOTES!$B$5:$B$1004,MATCH(C80,LOTES!$F$5:$F$1004,0)),"")) -> 45699 | G80: =IF(OR(B80="",F80=""),"",B80-F80) -> 2 | H80: EQUINOCCIO BAVARO SA (CODELPA) | I80: LOPESAN CEIBA | J80: 2207 | K80: 19.5 | L80: 19.5 | M80: 39.5 | O80: 51219 | P80: =IF(O80="","",IFERROR(1/(1/(IF(K80="",INDEX(CONFIG!$F$5:$F$14,MATCH(D80,CONFIG!$D$5:$D$14,0)),K80)*IF(M80="",INDEX(CONFIG!$H$5:$H$14,MATCH(D80,CONFIG!$D$5:$D$14,0)),M80))),"")) -> 770.25 | Q80: =IF(OR(O80="",P80=""),"",O80/P80) -> 66.496592 | R80: =IF(Q80="","",Q80*0.0980665) -> 6.521088 | S80: =IF(Q80="","",IFERROR(Q80/(1/(1/INDEX(CONFIG!$I$5:$I$14,MATCH(D80,CONFIG!$D$5:$D$14,0)))),"")) | X80: =IF(Q80="","",Q80^2) -> 4421.7967 | Y80: =IF(AND(C80<>"",C80=CERTIFICADO!$E$4,OR(CERTIFICADO!$E$5="",B80=CERTIFICADO!$E$5)),MAX($Y$4:Y79)+1,"")
A81: =IF(C81="","",ROW()-4) -> 77 | B81: 45701 | C81: 8110225P1 | D81: =IF(C81="","",IFERROR(INDEX(LOTES!$D$5:$D$1004,MATCH(C81,LOTES!$F$5:$F$1004,0)),"¿Lote?")) -> Block 8" | E81: =IF(C81="","",IFERROR(INDEX(LOTES!$C$5:$C$1004,MATCH(C81,LOTES!$F$5:$F$1004,0)),"")) -> P1 | F81: =IF(C81="","",IFERROR(INDEX(LOTES!$B$5:$B$1004,MATCH(C81,LOTES!$F$5:$F$1004,0)),"")) -> 45699 | G81: =IF(OR(B81="",F81=""),"",B81-F81) -> 2 | H81: EQUINOCCIO BAVARO SA (CODELPA) | I81: LOPESAN CEIBA | J81: 2207 | K81: 19.5 | L81: 19.5 | M81: 39.5 | O81: 55755 | P81: =IF(O81="","",IFERROR(1/(1/(IF(K81="",INDEX(CONFIG!$F$5:$F$14,MATCH(D81,CONFIG!$D$5:$D$14,0)),K81)*IF(M81="",INDEX(CONFIG!$H$5:$H$14,MATCH(D81,CONFIG!$D$5:$D$14,0)),M81))),"")) -> 770.25 | Q81: =IF(OR(O81="",P81=""),"",O81/P81) -> 72.385589 | R81: =IF(Q81="","",Q81*0.0980665) -> 7.0986014 | S81: =IF(Q81="","",IFERROR(Q81/(1/(1/INDEX(CONFIG!$I$5:$I$14,MATCH(D81,CONFIG!$D$5:$D$14,0)))),"")) | X81: =IF(Q81="","",Q81^2) -> 5239.6735 | Y81: =IF(AND(C81<>"",C81=CERTIFICADO!$E$4,OR(CERTIFICADO!$E$5="",B81=CERTIFICADO!$E$5)),MAX($Y$4:Y80)+1,"")
A82: =IF(C82="","",ROW()-4) -> 78 | B82: 45701 | C82: 8110225P1 | D82: =IF(C82="","",IFERROR(INDEX(LOTES!$D$5:$D$1004,MATCH(C82,LOTES!$F$5:$F$1004,0)),"¿Lote?")) -> Block 8" | E82: =IF(C82="","",IFERROR(INDEX(LOTES!$C$5:$C$1004,MATCH(C82,LOTES!$F$5:$F$1004,0)),"")) -> P1 | F82: =IF(C82="","",IFERROR(INDEX(LOTES!$B$5:$B$1004,MATCH(C82,LOTES!$F$5:$F$1004,0)),"")) -> 45699 | G82: =IF(OR(B82="",F82=""),"",B82-F82) -> 2 | H82: EQUINOCCIO BAVARO SA (CODELPA) | I82: LOPESAN CEIBA | J82: 2207 | K82: 19.5 | L82: 19.5 | M82: 39.5 | O82: 48389 | P82: =IF(O82="","",IFERROR(1/(1/(IF(K82="",INDEX(CONFIG!$F$5:$F$14,MATCH(D82,CONFIG!$D$5:$D$14,0)),K82)*IF(M82="",INDEX(CONFIG!$H$5:$H$14,MATCH(D82,CONFIG!$D$5:$D$14,0)),M82))),"")) -> 770.25 | Q82: =IF(OR(O82="",P82=""),"",O82/P82) -> 62.82246 | R82: =IF(Q82="","",Q82*0.0980665) -> 6.1607788 | S82: =IF(Q82="","",IFERROR(Q82/(1/(1/INDEX(CONFIG!$I$5:$I$14,MATCH(D82,CONFIG!$D$5:$D$14,0)))),"")) | X82: =IF(Q82="","",Q82^2) -> 3946.6615 | Y82: =IF(AND(C82<>"",C82=CERTIFICADO!$E$4,OR(CERTIFICADO!$E$5="",B82=CERTIFICADO!$E$5)),MAX($Y$4:Y81)+1,"")
A83: =IF(C83="","",ROW()-4) -> 79 | B83: 45705 | C83: 6120225P2 | D83: =IF(C83="","",IFERROR(INDEX(LOTES!$D$5:$D$1004,MATCH(C83,LOTES!$F$5:$F$1004,0)),"¿Lote?")) -> Block 6" | E83: =IF(C83="","",IFERROR(INDEX(LOTES!$C$5:$C$1004,MATCH(C83,LOTES!$F$5:$F$1004,0)),"")) -> P2 | F83: =IF(C83="","",IFERROR(INDEX(LOTES!$B$5:$B$1004,MATCH(C83,LOTES!$F$5:$F$1004,0)),"")) -> 45700 | G83: =IF(OR(B83="",F83=""),"",B83-F83) -> 5 | H83: EQUINOCCIO BAVARO SA (CODELPA) | I83: LOPESAN CEIBA | J83: 2219 | K83: 14.5 | L83: 19.5 | M83: 39.5 | O83: 38296 | P83: =IF(O83="","",IFERROR(1/(1/(IF(K83="",INDEX(CONFIG!$F$5:$F$14,MATCH(D83,CONFIG!$D$5:$D$14,0)),K83)*IF(M83="",INDEX(CONFIG!$H$5:$H$14,MATCH(D83,CONFIG!$D$5:$D$14,0)),M83))),"")) -> 572.75 | Q83: =IF(OR(O83="",P83=""),"",O83/P83) -> 66.863378 | R83: =IF(Q83="","",Q83*0.0980665) -> 6.5570575 | S83: =IF(Q83="","",IFERROR(Q83/(1/(1/INDEX(CONFIG!$I$5:$I$14,MATCH(D83,CONFIG!$D$5:$D$14,0)))),"")) | X83: =IF(Q83="","",Q83^2) -> 4470.7114 | Y83: =IF(AND(C83<>"",C83=CERTIFICADO!$E$4,OR(CERTIFICADO!$E$5="",B83=CERTIFICADO!$E$5)),MAX($Y$4:Y82)+1,"")
A84: =IF(C84="","",ROW()-4) -> 80 | B84: 45705 | C84: 6120225P2 | D84: =IF(C84="","",IFERROR(INDEX(LOTES!$D$5:$D$1004,MATCH(C84,LOTES!$F$5:$F$1004,0)),"¿Lote?")) -> Block 6" | E84: =IF(C84="","",IFERROR(INDEX(LOTES!$C$5:$C$1004,MATCH(C84,LOTES!$F$5:$F$1004,0)),"")) -> P2 | F84: =IF(C84="","",IFERROR(INDEX(LOTES!$B$5:$B$1004,MATCH(C84,LOTES!$F$5:$F$1004,0)),"")) -> 45700 | G84: =IF(OR(B84="",F84=""),"",B84-F84) -> 5 | H84: EQUINOCCIO BAVARO SA (CODELPA) | I84: LOPESAN CEIBA | J84: 2219 | K84: 14.5 | L84: 19.5 | M84: 39.5 | O84: 34795 | P84: =IF(O84="","",IFERROR(1/(1/(IF(K84="",INDEX(CONFIG!$F$5:$F$14,MATCH(D84,CONFIG!$D$5:$D$14,0)),K84)*IF(M84="",INDEX(CONFIG!$H$5:$H$14,MATCH(D84,CONFIG!$D$5:$D$14,0)),M84))),"")) -> 572.75 | Q84: =IF(OR(O84="",P84=""),"",O84/P84) -> 60.750764 | R84: =IF(Q84="","",Q84*0.0980665) -> 5.9576148 | S84: =IF(Q84="","",IFERROR(Q84/(1/(1/INDEX(CONFIG!$I$5:$I$14,MATCH(D84,CONFIG!$D$5:$D$14,0)))),"")) | X84: =IF(Q84="","",Q84^2) -> 3690.6553 | Y84: =IF(AND(C84<>"",C84=CERTIFICADO!$E$4,OR(CERTIFICADO!$E$5="",B84=CERTIFICADO!$E$5)),MAX($Y$4:Y83)+1,"")
A85: =IF(C85="","",ROW()-4) -> 81 | B85: 45705 | C85: 6120225P2 | D85: =IF(C85="","",IFERROR(INDEX(LOTES!$D$5:$D$1004,MATCH(C85,LOTES!$F$5:$F$1004,0)),"¿Lote?")) -> Block 6" | E85: =IF(C85="","",IFERROR(INDEX(LOTES!$C$5:$C$1004,MATCH(C85,LOTES!$F$5:$F$1004,0)),"")) -> P2 | F85: =IF(C85="","",IFERROR(INDEX(LOTES!$B$5:$B$1004,MATCH(C85,LOTES!$F$5:$F$1004,0)),"")) -> 45700 | G85: =IF(OR(B85="",F85=""),"",B85-F85) -> 5 | H85: EQUINOCCIO BAVARO SA (CODELPA) | I85: LOPESAN CEIBA | J85: 2219 | K85: 14.5 | L85: 19.5 | M85: 39.5 | O85: 47885 | P85: =IF(O85="","",IFERROR(1/(1/(IF(K85="",INDEX(CONFIG!$F$5:$F$14,MATCH(D85,CONFIG!$D$5:$D$14,0)),K85)*IF(M85="",INDEX(CONFIG!$H$5:$H$14,MATCH(D85,CONFIG!$D$5:$D$14,0)),M85))),"")) -> 572.75 | Q85: =IF(OR(O85="",P85=""),"",O85/P85) -> 83.605412 | R85: =IF(Q85="","",Q85*0.0980665) -> 8.1988902 | S85: =IF(Q85="","",IFERROR(Q85/(1/(1/INDEX(CONFIG!$I$5:$I$14,MATCH(D85,CONFIG!$D$5:$D$14,0)))),"")) | X85: =IF(Q85="","",Q85^2) -> 6989.865 | Y85: =IF(AND(C85<>"",C85=CERTIFICADO!$E$4,OR(CERTIFICADO!$E$5="",B85=CERTIFICADO!$E$5)),MAX($Y$4:Y84)+1,"")
A86: =IF(C86="","",ROW()-4) -> 82 | B86: 45705 | C86: 6120225P2 | D86: =IF(C86="","",IFERROR(INDEX(LOTES!$D$5:$D$1004,MATCH(C86,LOTES!$F$5:$F$1004,0)),"¿Lote?")) -> Block 6" | E86: =IF(C86="","",IFERROR(INDEX(LOTES!$C$5:$C$1004,MATCH(C86,LOTES!$F$5:$F$1004,0)),"")) -> P2 | F86: =IF(C86="","",IFERROR(INDEX(LOTES!$B$5:$B$1004,MATCH(C86,LOTES!$F$5:$F$1004,0)),"")) -> 45700 | G86: =IF(OR(B86="",F86=""),"",B86-F86) -> 5 | H86: EQUINOCCIO BAVARO SA (CODELPA) | I86: LOPESAN CEIBA | J86: 2219 | K86: 14.5 | L86: 19.5 | M86: 39.5 | O86: 37888 | P86: =IF(O86="","",IFERROR(1/(1/(IF(K86="",INDEX(CONFIG!$F$5:$F$14,MATCH(D86,CONFIG!$D$5:$D$14,0)),K86)*IF(M86="",INDEX(CONFIG!$H$5:$H$14,MATCH(D86,CONFIG!$D$5:$D$14,0)),M86))),"")) -> 572.75 | Q86: =IF(OR(O86="",P86=""),"",O86/P86) -> 66.151026 | R86: =IF(Q86="","",Q86*0.0980665) -> 6.4871996 | S86: =IF(Q86="","",IFERROR(Q86/(1/(1/INDEX(CONFIG!$I$5:$I$14,MATCH(D86,CONFIG!$D$5:$D$14,0)))),"")) | X86: =IF(Q86="","",Q86^2) -> 4375.9582 | Y86: =IF(AND(C86<>"",C86=CERTIFICADO!$E$4,OR(CERTIFICADO!$E$5="",B86=CERTIFICADO!$E$5)),MAX($Y$4:Y85)+1,"")
